run,mark_no,index,group_id,point_id,images,ra_measured,ra_readings,note,skipped,standoff,x,y,z,image_dir,measured_at
scan_joint_hoodouter_lower_plate1_offset50mm_ra_map_20261006_175616,,15,105,15,g105_p15_i0015_s1.png,1.8530,1.8530,,False,"Success (standoff ok (err +0.16 mm, 1 step, travel 3.3 mm))",,,,/home/abc/mobile_manipulator_ws/results/scan_images/scan_joint_hoodouter_lower_plate1_offset50mm_ra_map_20261006_175616,2026-10-06 17:58:09
scan_joint_hoodouter_lower_plate1_offset50mm_ra_map_20261006_175616,,17,105,17,g105_p17_i0017_s1.png,1.2120,1.2120,,False,"Success (standoff ok (err +0.16 mm, 2 steps, travel 4.0 mm))",,,,/home/abc/mobile_manipulator_ws/results/scan_images/scan_joint_hoodouter_lower_plate1_offset50mm_ra_map_20261006_175616,2026-10-06 17:59:29
scan_joint_hoodouter_lower_plate1_offset50mm_ra_map_20261006_175616,,19,105,19,g105_p19_i0019_s1.png,1.1590,1.1590,,False,"Success (standoff ok (err -0.03 mm, 2 steps, travel 4.4 mm))",,,,/home/abc/mobile_manipulator_ws/results/scan_images/scan_joint_hoodouter_lower_plate1_offset50mm_ra_map_20261006_175616,2026-10-06 18:00:34
scan_joint_hoodouter_lower_plate1_offset50mm_ra_map_20261006_175616,,21,105,21,g105_p21_i0021_s1.png,1.0000,1.0000,,False,"Success (standoff ok (err -0.08 mm, 2 steps, travel 4.8 mm))",,,,/home/abc/mobile_manipulator_ws/results/scan_images/scan_joint_hoodouter_lower_plate1_offset50mm_ra_map_20261006_175616,2026-10-06 18:01:24
scan_joint_hoodouter_lower_plate1_offset50mm_ra_map_20261006_175616,,22,105,22,g105_p22_i0022_s1.png,1.1440,1.1440,,False,"Success (standoff ok (err -0.11 mm, 2 steps, travel 5.1 mm))",,,,/home/abc/mobile_manipulator_ws/results/scan_images/scan_joint_hoodouter_lower_plate1_offset50mm_ra_map_20261006_175616,2026-10-06 18:02:12
scan_joint_hoodouter_lower_plate1_offset50mm_ra_map_20261006_175616,,23,105,23,g105_p23_i0023_s1.png,1.0660,1.0660,,False,"Success (standoff ok (err -0.09 mm, 2 steps, travel 5.4 mm))",,,,/home/abc/mobile_manipulator_ws/results/scan_images/scan_joint_hoodouter_lower_plate1_offset50mm_ra_map_20261006_175616,2026-10-06 18:03:01
scan_joint_hoodouter_lower_plate1_offset50mm_ra_map_20261006_175616,,25,105,25,g105_p25_i0025_s1.png,0.8200,0.8200,,False,"Success (standoff ok (err -0.17 mm, 1 step, travel 4.7 mm))",,,,/home/abc/mobile_manipulator_ws/results/scan_images/scan_joint_hoodouter_lower_plate1_offset50mm_ra_map_20261006_175616,2026-10-06 18:03:55
scan_joint_hoodouter_lower_plate1_offset50mm_ra_map_20261006_175616,,26,105,26,g105_p26_i0026_s1.png,1.7530,1.7530,,False,"Success (standoff ok (err -0.03 mm, 2 steps, travel 4.1 mm))",,,,/home/abc/mobile_manipulator_ws/results/scan_images/scan_joint_hoodouter_lower_plate1_offset50mm_ra_map_20261006_175616,2026-10-06 18:05:00
scan_joint_hoodouter_lower_plate1_offset50mm_ra_map_20261006_175616,,27,105,27,g105_p27_i0027_s1.png,0.8250,0.8250,,False,"Success (standoff ok (err -0.04 mm, 2 steps, travel 4.1 mm))",,,,/home/abc/mobile_manipulator_ws/results/scan_images/scan_joint_hoodouter_lower_plate1_offset50mm_ra_map_20261006_175616,2026-10-06 18:06:18
scan_joint_hoodouter_lower_plate1_offset50mm_ra_map_20261006_175616,,28,105,28,g105_p28_i0028_s1.png,0.8520,0.8520,,False,"Success (standoff ok (err -0.02 mm, 2 steps, travel 4.3 mm))",,,,/home/abc/mobile_manipulator_ws/results/scan_images/scan_joint_hoodouter_lower_plate1_offset50mm_ra_map_20261006_175616,2026-10-06 18:07:09
scan_joint_hoodouter_lower_plate1_offset50mm_ra_map_20261006_175616,,29,105,29,g105_p29_i0029_s1.png,1.3650,1.3650,,False,"Success (standoff ok (err -0.13 mm, 2 steps, travel 5.2 mm))",,,,/home/abc/mobile_manipulator_ws/results/scan_images/scan_joint_hoodouter_lower_plate1_offset50mm_ra_map_20261006_175616,2026-10-06 18:08:00
scan_joint_hoodouter_lower_plate1_offset50mm_ra_map_20261006_175616,,30,105,30,g105_p30_i0030_s1.png,1.2240,1.2240,,False,"Success (standoff ok (err -0.08 mm, 2 steps, travel 5.0 mm))",,,,/home/abc/mobile_manipulator_ws/results/scan_images/scan_joint_hoodouter_lower_plate1_offset50mm_ra_map_20261006_175616,2026-10-06 18:08:48
scan_joint_hoodouter_lower_plate1_offset50mm_ra_map_20261006_175616,,31,105,31,g105_p31_i0031_s1.png,0.9700,0.9700,,False,"Success (standoff ok (err -0.05 mm, 2 steps, travel 5.2 mm))",,,,/home/abc/mobile_manipulator_ws/results/scan_images/scan_joint_hoodouter_lower_plate1_offset50mm_ra_map_20261006_175616,2026-10-06 18:09:38
scan_joint_hoodouter_lower_plate1_offset50mm_ra_map_20261006_175616,,32,105,32,g105_p32_i0032_s1.png,1.4430,1.4430,,False,"Success (standoff ok (err -0.12 mm, 2 steps, travel 5.2 mm))",,,,/home/abc/mobile_manipulator_ws/results/scan_images/scan_joint_hoodouter_lower_plate1_offset50mm_ra_map_20261006_175616,2026-10-06 18:10:28
scan_joint_hoodouter_lower_plate1_offset50mm_ra_map_20261006_175616,,33,105,33,g105_p33_i0033_s1.png,1.0030,1.0030,,False,"Success (standoff ok (err -0.14 mm, 2 steps, travel 5.4 mm))",,,,/home/abc/mobile_manipulator_ws/results/scan_images/scan_joint_hoodouter_lower_plate1_offset50mm_ra_map_20261006_175616,2026-10-06 18:11:22
scan_joint_hoodouter_lower_plate1_offset50mm_ra_map_20261006_175616,,36,105,36,g105_p36_i0036_s1.png,0.9420,0.9420,,False,"Success (standoff ok (err +0.01 mm, 1 step, travel 5.0 mm))",,,,/home/abc/mobile_manipulator_ws/results/scan_images/scan_joint_hoodouter_lower_plate1_offset50mm_ra_map_20261006_175616,2026-10-06 18:12:24
scan_joint_hoodouter_lower_plate1_offset50mm_ra_map_20261006_175616,,37,105,37,g105_p37_i0037_s1.png,1.6920,1.6920,,False,"Success (standoff ok (err -0.03 mm, 2 steps, travel 5.2 mm))",,,,/home/abc/mobile_manipulator_ws/results/scan_images/scan_joint_hoodouter_lower_plate1_offset50mm_ra_map_20261006_175616,2026-10-06 18:13:15
scan_joint_hoodouter_lower_plate1_offset50mm_ra_map_20261006_175616,,38,105,38,g105_p38_i0038_s1.png,1.1000,1.1000,,False,"Success (standoff ok (err -0.13 mm, 2 steps, travel 5.8 mm))",,,,/home/abc/mobile_manipulator_ws/results/scan_images/scan_joint_hoodouter_lower_plate1_offset50mm_ra_map_20261006_175616,2026-10-06 18:14:01
scan_joint_hoodouter_lower_plate1_offset50mm_ra_map_20261006_175616,,39,105,39,g105_p39_i0039_s1.png,1.6150,1.6150,,False,"Success (standoff ok (err +0.05 mm, 2 steps, travel 4.9 mm))",,,,/home/abc/mobile_manipulator_ws/results/scan_images/scan_joint_hoodouter_lower_plate1_offset50mm_ra_map_20261006_175616,2026-10-06 18:14:59
scan_joint_hoodouter_lower_plate1_offset50mm_ra_map_20261006_175616,,40,105,40,g105_p40_i0040_s1.png,1.7010,1.7010,,False,"Success (standoff ok (err -0.03 mm, 2 steps, travel 4.5 mm))",,,,/home/abc/mobile_manipulator_ws/results/scan_images/scan_joint_hoodouter_lower_plate1_offset50mm_ra_map_20261006_175616,2026-10-06 18:15:55
scan_joint_hoodouter_lower_plate1_offset50mm_ra_map_20261006_175616,,41,105,41,g105_p41_i0041_s1.png,1.6690,1.6690,,False,"Success (standoff ok (err -0.12 mm, 1 step, travel 4.8 mm))",,,,/home/abc/mobile_manipulator_ws/results/scan_images/scan_joint_hoodouter_lower_plate1_offset50mm_ra_map_20261006_175616,2026-10-06 18:16:48
scan_joint_hoodouter_lower_plate1_offset50mm_ra_map_20261006_175616,,42,105,42,g105_p42_i0042_s1.png,1.6490,1.6490,,False,"Success (standoff ok (err -0.09 mm, 2 steps, travel 5.7 mm))",,,,/home/abc/mobile_manipulator_ws/results/scan_images/scan_joint_hoodouter_lower_plate1_offset50mm_ra_map_20261006_175616,2026-10-06 18:17:39
scan_joint_hoodouter_lower_plate1_offset50mm_ra_map_20261006_175616,,44,105,44,g105_p44_i0044_s1.png,2.0830,2.0830,,False,"Success (standoff ok (err -0.09 mm, 2 steps, travel 5.8 mm))",,,,/home/abc/mobile_manipulator_ws/results/scan_images/scan_joint_hoodouter_lower_plate1_offset50mm_ra_map_20261006_175616,2026-10-06 18:18:55
scan_joint_hoodouter_lower_plate1_offset50mm_ra_map_20261006_175616,,45,105,45,g105_p45_i0045_s1.png,1.8590,1.8590,,False,"Success (standoff ok (err -0.02 mm, 2 steps, travel 5.4 mm))",,,,/home/abc/mobile_manipulator_ws/results/scan_images/scan_joint_hoodouter_lower_plate1_offset50mm_ra_map_20261006_175616,2026-10-06 18:19:54
scan_joint_hoodouter_lower_plate1_offset50mm_ra_map_20261006_175616,,46,105,46,g105_p46_i0046_s1.png,1.3780,1.3780,,False,"Success (standoff ok (err -0.01 mm, 2 steps, travel 5.3 mm))",,,,/home/abc/mobile_manipulator_ws/results/scan_images/scan_joint_hoodouter_lower_plate1_offset50mm_ra_map_20261006_175616,2026-10-06 18:21:01
scan_joint_hoodouter_lower_plate1_offset50mm_ra_map_20261006_175616,,47,105,47,g105_p47_i0047_s1.png,1.0700,1.0700,,False,"Success (standoff ok (err -0.10 mm, 2 steps, travel 5.4 mm))",,,,/home/abc/mobile_manipulator_ws/results/scan_images/scan_joint_hoodouter_lower_plate1_offset50mm_ra_map_20261006_175616,2026-10-06 18:22:12
scan_joint_hoodouter_lower_plate1_offset50mm_ra_map_20261006_175616,,48,105,48,g105_p48_i0048_s1.png,0.9860,0.9860,,False,"Success (standoff ok (err -0.03 mm, 2 steps, travel 5.6 mm))",,,,/home/abc/mobile_manipulator_ws/results/scan_images/scan_joint_hoodouter_lower_plate1_offset50mm_ra_map_20261006_175616,2026-10-06 18:23:02
scan_joint_hoodouter_lower_plate1_offset50mm_ra_map_20261006_175616,,49,105,49,g105_p49_i0049_s1.png,1.8230,1.8230,,False,"Success (standoff ok (err -0.09 mm, 2 steps, travel 6.0 mm))",,,,/home/abc/mobile_manipulator_ws/results/scan_images/scan_joint_hoodouter_lower_plate1_offset50mm_ra_map_20261006_175616,2026-10-06 18:23:53
scan_joint_hoodouter_lower_plate1_offset50mm_ra_map_20261006_175616,,50,105,50,g105_p50_i0050_s1.png,1.8960,1.8960,,False,"Success (standoff ok (err -0.05 mm, 2 steps, travel 5.7 mm))",,,,/home/abc/mobile_manipulator_ws/results/scan_images/scan_joint_hoodouter_lower_plate1_offset50mm_ra_map_20261006_175616,2026-10-06 18:24:43
scan_joint_hoodouter_lower_plate1_offset50mm_ra_map_20261006_175616,,52,105,52,g105_p52_i0052_s1.png,1.4460,1.4460,,False,"Success (standoff ok (err -0.00 mm, 2 steps, travel 5.5 mm))",,,,/home/abc/mobile_manipulator_ws/results/scan_images/scan_joint_hoodouter_lower_plate1_offset50mm_ra_map_20261006_175616,2026-10-06 18:25:48
scan_joint_hoodouter_lower_plate1_offset50mm_ra_map_20261006_175616,,54,105,54,g105_p54_i0054_s1.png,2.0160,2.0160,,False,"Success (standoff ok (err -0.09 mm, 2 steps, travel 5.2 mm))",,,,/home/abc/mobile_manipulator_ws/results/scan_images/scan_joint_hoodouter_lower_plate1_offset50mm_ra_map_20261006_175616,2026-10-06 18:26:40
scan_joint_hoodouter_lower_plate1_offset50mm_ra_map_20261006_175616,,56,105,56,g105_p56_i0056_s1.png,0.9720,0.9720,,False,"Success (standoff ok (err -0.20 mm, 1 step, travel 4.5 mm))",,,,/home/abc/mobile_manipulator_ws/results/scan_images/scan_joint_hoodouter_lower_plate1_offset50mm_ra_map_20261006_175616,2026-10-06 18:27:46
scan_joint_hoodouter_lower_plate1_offset50mm_ra_map_20261006_175616,,58,105,58,g105_p58_i0058_s1.png,1.5750,1.5750,,False,"Success (standoff ok (err -0.06 mm, 2 steps, travel 4.3 mm))",,,,/home/abc/mobile_manipulator_ws/results/scan_images/scan_joint_hoodouter_lower_plate1_offset50mm_ra_map_20261006_175616,2026-10-06 18:29:01
scan_joint_hoodouter_lower_plate1_offset50mm_ra_map_20261006_175616,,59,105,59,g105_p59_i0059_s1.png,2.1980,2.1980,,False,"Success (standoff ok (err -0.18 mm, 1 step, travel 4.2 mm))",,,,/home/abc/mobile_manipulator_ws/results/scan_images/scan_joint_hoodouter_lower_plate1_offset50mm_ra_map_20261006_175616,2026-10-06 18:29:53
scan_joint_hoodouter_lower_plate1_offset50mm_ra_map_20261006_175616,,61,105,61,g105_p61_i0061_s1.png,1.1210,1.1210,,False,"Success (standoff ok (err -0.08 mm, 2 steps, travel 4.6 mm))",,,,/home/abc/mobile_manipulator_ws/results/scan_images/scan_joint_hoodouter_lower_plate1_offset50mm_ra_map_20261006_175616,2026-10-06 18:30:44
scan_joint_hoodouter_lower_plate1_offset50mm_ra_map_20261006_175616,,63,105,63,g105_p63_i0063_s1.png,1.8540,1.8540,,False,"Success (standoff ok (err -0.06 mm, 2 steps, travel 4.7 mm))",,,,/home/abc/mobile_manipulator_ws/results/scan_images/scan_joint_hoodouter_lower_plate1_offset50mm_ra_map_20261006_175616,2026-10-06 18:31:34
scan_joint_hoodouter_lower_plate1_offset50mm_ra_map_20261006_175616,,65,105,65,g105_p65_i0065_s1.png,1.9220,1.9220,,False,"Success (standoff ok (err -0.07 mm, 2 steps, travel 4.9 mm))",,,,/home/abc/mobile_manipulator_ws/results/scan_images/scan_joint_hoodouter_lower_plate1_offset50mm_ra_map_20261006_175616,2026-10-06 18:32:31
scan_joint_hoodouter_lower_plate1_offset50mm_ra_map_20261006_175616,,67,105,67,g105_p67_i0067_s1.png,1.3050,1.3050,,False,"Success (standoff ok (err -0.04 mm, 2 steps, travel 5.3 mm))",,,,/home/abc/mobile_manipulator_ws/results/scan_images/scan_joint_hoodouter_lower_plate1_offset50mm_ra_map_20261006_175616,2026-10-06 18:33:24
scan_joint_hoodouter_lower_plate1_offset50mm_ra_map_20261006_175616,,68,105,68,g105_p68_i0068_s1.png,1.2780,1.2780,,False,"Success (standoff ok (err -0.19 mm, 1 step, travel 5.4 mm))",,,,/home/abc/mobile_manipulator_ws/results/scan_images/scan_joint_hoodouter_lower_plate1_offset50mm_ra_map_20261006_175616,2026-10-06 18:34:15
scan_joint_hoodouter_lower_plate1_offset50mm_ra_map_20261006_175616,,69,105,69,g105_p69_i0069_s1.png,2.2180,2.2180,,False,"Success (standoff ok (err +0.00 mm, 2 steps, travel 5.1 mm))",,,,/home/abc/mobile_manipulator_ws/results/scan_images/scan_joint_hoodouter_lower_plate1_offset50mm_ra_map_20261006_175616,2026-10-06 18:35:24
scan_joint_hoodouter_lower_plate1_offset50mm_ra_map_20261006_175616,,70,105,70,g105_p70_i0070_s1.png,1.4820,1.4820,,False,"Success (standoff ok (err -0.18 mm, 1 step, travel 5.0 mm))",,,,/home/abc/mobile_manipulator_ws/results/scan_images/scan_joint_hoodouter_lower_plate1_offset50mm_ra_map_20261006_175616,2026-10-06 18:36:41
scan_joint_hoodouter_lower_plate1_offset50mm_ra_map_20261006_175616,,71,105,71,g105_p71_i0071_s1.png,,,,True,"Success (standoff ok (err +0.01 mm, 2 steps, travel 5.5 mm))",,,,/home/abc/mobile_manipulator_ws/results/scan_images/scan_joint_hoodouter_lower_plate1_offset50mm_ra_map_20261006_175616,2026-10-06 18:37:21
scan_joint_hoodouter_lower_plate1_offset50mm_ra_map_20261006_175616,,72,105,72,g105_p72_i0072_s1.png,1.2820,1.2820,,False,"Success (standoff ok (err -0.06 mm, 2 steps, travel 5.9 mm))",,,,/home/abc/mobile_manipulator_ws/results/scan_images/scan_joint_hoodouter_lower_plate1_offset50mm_ra_map_20261006_175616,2026-10-06 18:38:24
scan_joint_hoodouter_lower_plate1_offset50mm_ra_map_20261006_175616,,73,105,73,g105_p73_i0073_s1.png,1.0930,1.0930,,False,"Success (standoff ok (err -0.12 mm, 2 steps, travel 6.5 mm))",,,,/home/abc/mobile_manipulator_ws/results/scan_images/scan_joint_hoodouter_lower_plate1_offset50mm_ra_map_20261006_175616,2026-10-06 19:01:15
scan_joint_hoodouter_lower_plate1_offset50mm_ra_map_20261006_175616,,75,105,75,g105_p75_i0075_s1.png,0.9860,0.9860,,False,"Success (standoff ok (err +0.11 mm, 1 step, travel 6.4 mm))",,,,/home/abc/mobile_manipulator_ws/results/scan_images/scan_joint_hoodouter_lower_plate1_offset50mm_ra_map_20261006_175616,2026-10-06 19:02:10
scan_joint_hoodouter_lower_plate1_offset50mm_ra_map_20261006_175616,,76,105,76,g105_p76_i0076_s1.png,1.0940,1.0940,,False,"Success (standoff ok (err -0.07 mm, 2 steps, travel 6.3 mm))",,,,/home/abc/mobile_manipulator_ws/results/scan_images/scan_joint_hoodouter_lower_plate1_offset50mm_ra_map_20261006_175616,2026-10-06 19:03:02
scan_joint_hoodouter_lower_plate1_offset50mm_ra_map_20261006_175616,,77,105,77,g105_p77_i0077_s1.png,0.8760,0.8760,,False,"Success (standoff ok (err -0.05 mm, 2 steps, travel 6.1 mm))",,,,/home/abc/mobile_manipulator_ws/results/scan_images/scan_joint_hoodouter_lower_plate1_offset50mm_ra_map_20261006_175616,2026-10-06 19:03:54
scan_joint_hoodouter_lower_plate1_offset50mm_ra_map_20261006_175616,,78,105,78,g105_p78_i0078_s1.png,1.8700,1.8700,,False,"Success (standoff ok (err -0.08 mm, 2 steps, travel 6.0 mm))",,,,/home/abc/mobile_manipulator_ws/results/scan_images/scan_joint_hoodouter_lower_plate1_offset50mm_ra_map_20261006_175616,2026-10-06 19:04:45
scan_joint_hoodouter_lower_plate1_offset50mm_ra_map_20261006_175616,,79,105,79,g105_p79_i0079_s1.png,1.1990,1.1990,,False,"Success (standoff ok (err -0.10 mm, 2 steps, travel 6.5 mm))",,,,/home/abc/mobile_manipulator_ws/results/scan_images/scan_joint_hoodouter_lower_plate1_offset50mm_ra_map_20261006_175616,2026-10-06 19:05:36
scan_joint_hoodouter_lower_plate1_offset50mm_ra_map_20261006_175616,,81,105,81,g105_p81_i0081_s1.png,1.2620,1.2620,,False,"Success (standoff ok (err -0.19 mm, 1 step, travel 5.7 mm))",,,,/home/abc/mobile_manipulator_ws/results/scan_images/scan_joint_hoodouter_lower_plate1_offset50mm_ra_map_20261006_175616,2026-10-06 19:06:24
scan_joint_hoodouter_lower_plate1_offset50mm_ra_map_20261006_175616,,82,105,82,g105_p82_i0082_s1.png,1.0020,1.0020,,False,"Success (standoff ok (err -0.00 mm, 2 steps, travel 5.8 mm))",,,,/home/abc/mobile_manipulator_ws/results/scan_images/scan_joint_hoodouter_lower_plate1_offset50mm_ra_map_20261006_175616,2026-10-06 19:07:15
scan_joint_hoodouter_lower_plate1_offset50mm_ra_map_20261006_175616,,83,105,83,g105_p83_i0083_s1.png,0.9330,0.9330,,False,"Success (standoff ok (err -0.07 mm, 2 steps, travel 6.4 mm))",,,,/home/abc/mobile_manipulator_ws/results/scan_images/scan_joint_hoodouter_lower_plate1_offset50mm_ra_map_20261006_175616,2026-10-06 19:08:00
scan_joint_hoodouter_lower_plate1_offset50mm_ra_map_20261006_175616,,84,105,84,g105_p84_i0084_s1.png,1.4130,1.4130,,False,"Success (standoff ok (err -0.06 mm, 2 steps, travel 6.5 mm))",,,,/home/abc/mobile_manipulator_ws/results/scan_images/scan_joint_hoodouter_lower_plate1_offset50mm_ra_map_20261006_175616,2026-10-06 19:08:46
scan_joint_hoodouter_lower_plate1_offset50mm_ra_map_20261006_175616,,86,105,86,g105_p86_i0086_s1.png,1.3010,1.3010,,False,"Success (standoff ok (err -0.02 mm, 2 steps, travel 6.7 mm))",,,,/home/abc/mobile_manipulator_ws/results/scan_images/scan_joint_hoodouter_lower_plate1_offset50mm_ra_map_20261006_175616,2026-10-06 19:09:42
scan_joint_hoodouter_lower_plate1_offset50mm_ra_map_20261006_175616,,87,105,87,g105_p87_i0087_s1.png,1.4000,1.4000,,False,"Success (standoff ok (err +0.00 mm, 2 steps, travel 6.1 mm))",,,,/home/abc/mobile_manipulator_ws/results/scan_images/scan_joint_hoodouter_lower_plate1_offset50mm_ra_map_20261006_175616,2026-10-06 19:10:38
scan_joint_hoodouter_lower_plate1_offset50mm_ra_map_20261006_175616,,88,105,88,g105_p88_i0088_s1.png,1.4330,1.4330,,False,"Success (standoff ok (err -0.03 mm, 2 steps, travel 5.7 mm))",,,,/home/abc/mobile_manipulator_ws/results/scan_images/scan_joint_hoodouter_lower_plate1_offset50mm_ra_map_20261006_175616,2026-10-06 19:11:30
scan_joint_hoodouter_lower_plate1_offset50mm_ra_map_20261006_175616,,89,105,89,g105_p89_i0089_s1.png,1.1910,1.1910,,False,"Success (standoff ok (err -0.10 mm, 2 steps, travel 5.6 mm))",,,,/home/abc/mobile_manipulator_ws/results/scan_images/scan_joint_hoodouter_lower_plate1_offset50mm_ra_map_20261006_175616,2026-10-06 19:12:20
scan_joint_hoodouter_lower_plate1_offset50mm_ra_map_20261006_175616,,90,105,90,g105_p90_i0090_s1.png,1.3930,1.3930,,False,"Success (standoff ok (err -0.01 mm, 2 steps, travel 6.1 mm))",,,,/home/abc/mobile_manipulator_ws/results/scan_images/scan_joint_hoodouter_lower_plate1_offset50mm_ra_map_20261006_175616,2026-10-06 19:13:50
scan_joint_hoodouter_lower_plate1_offset50mm_ra_map_20261006_175616,,92,105,92,g105_p92_i0092_s1.png,1.0310,1.0310,,False,"Success (standoff ok (err -0.02 mm, 2 steps, travel 6.2 mm))",,,,/home/abc/mobile_manipulator_ws/results/scan_images/scan_joint_hoodouter_lower_plate1_offset50mm_ra_map_20261006_175616,2026-10-06 19:14:40
scan_joint_hoodouter_lower_plate1_offset50mm_ra_map_20261006_175616,,93,105,93,g105_p93_i0093_s1.png,1.6910,1.6910,,False,"Success (standoff ok (err +0.04 mm, 2 steps, travel 5.6 mm))",,,,/home/abc/mobile_manipulator_ws/results/scan_images/scan_joint_hoodouter_lower_plate1_offset50mm_ra_map_20261006_175616,2026-10-06 19:15:33
scan_joint_hoodouter_lower_plate1_offset50mm_ra_map_20261006_175616,,94,105,94,g105_p94_i0094_s1.png,1.5850,1.5850,,False,"Success (standoff ok (err -0.03 mm, 2 steps, travel 5.3 mm))",,,,/home/abc/mobile_manipulator_ws/results/scan_images/scan_joint_hoodouter_lower_plate1_offset50mm_ra_map_20261006_175616,2026-10-06 19:16:20
scan_joint_hoodouter_lower_plate1_offset50mm_ra_map_20261006_175616,,95,105,95,g105_p95_i0095_s1.png,1.1430,1.1430,,False,"Success (standoff ok (err -0.13 mm, 1 step, travel 4.9 mm))",,,,/home/abc/mobile_manipulator_ws/results/scan_images/scan_joint_hoodouter_lower_plate1_offset50mm_ra_map_20261006_175616,2026-10-06 19:17:10
scan_joint_hoodouter_lower_plate1_offset50mm_ra_map_20261006_175616,,96,105,96,g105_p96_i0096_s1.png,1.2380,1.2380,,False,"Success (standoff ok (err -0.07 mm, 2 steps, travel 5.4 mm))",,,,/home/abc/mobile_manipulator_ws/results/scan_images/scan_joint_hoodouter_lower_plate1_offset50mm_ra_map_20261006_175616,2026-10-06 19:18:01
scan_joint_hoodouter_lower_plate1_offset50mm_ra_map_20261006_175616,,97,105,97,g105_p97_i0097_s1.png,1.6650,1.6650,,False,"Success (standoff ok (err -0.08 mm, 2 steps, travel 6.0 mm))",,,,/home/abc/mobile_manipulator_ws/results/scan_images/scan_joint_hoodouter_lower_plate1_offset50mm_ra_map_20261006_175616,2026-10-06 19:18:50
scan_joint_hoodouter_lower_plate1_offset50mm_ra_map_20261006_175616,,99,105,99,g105_p99_i0099_s1.png,1.5620,1.5620,,False,"Success (standoff ok (err -0.07 mm, 2 steps, travel 5.7 mm))",,,,/home/abc/mobile_manipulator_ws/results/scan_images/scan_joint_hoodouter_lower_plate1_offset50mm_ra_map_20261006_175616,2026-10-06 19:19:40
scan_joint_hoodouter_lower_plate1_offset50mm_ra_map_20261006_175616,,100,105,100,g105_p100_i0100_s1.png,1.4260,1.4260,,False,"Success (standoff ok (err -0.08 mm, 2 steps, travel 5.5 mm))",,,,/home/abc/mobile_manipulator_ws/results/scan_images/scan_joint_hoodouter_lower_plate1_offset50mm_ra_map_20261006_175616,2026-10-06 19:20:28
scan_joint_hoodouter_lower_plate1_offset50mm_ra_map_20261006_175616,,102,105,102,g105_p102_i0102_s1.png,1.0580,1.0580,,False,"Success (standoff ok (err -0.05 mm, 2 steps, travel 5.4 mm))",,,,/home/abc/mobile_manipulator_ws/results/scan_images/scan_joint_hoodouter_lower_plate1_offset50mm_ra_map_20261006_175616,2026-10-06 19:21:19
scan_joint_hoodouter_lower_plate1_offset50mm_ra_map_20261006_175616,,104,105,104,g105_p104_i0104_s1.png,1.9800,1.9800,,False,"Success (standoff ok (err -0.06 mm, 2 steps, travel 4.9 mm))",,,,/home/abc/mobile_manipulator_ws/results/scan_images/scan_joint_hoodouter_lower_plate1_offset50mm_ra_map_20261006_175616,2026-10-06 19:22:14
scan_joint_hoodouter_lower_plate1_offset50mm_ra_map_20261006_175616,,106,105,106,g105_p106_i0106_s1.png,1.5010,1.5010,,False,"Success (standoff ok (err +0.00 mm, 2 steps, travel 4.0 mm))",,,,/home/abc/mobile_manipulator_ws/results/scan_images/scan_joint_hoodouter_lower_plate1_offset50mm_ra_map_20261006_175616,2026-10-06 19:23:03
scan_joint_hoodouter_lower_plate1_offset50mm_ra_map_20261006_175616,,107,105,107,g105_p107_i0107_s1.png,1.3670,1.3670,,False,"Success (standoff ok (err -0.20 mm, 1 step, travel 4.3 mm))",,,,/home/abc/mobile_manipulator_ws/results/scan_images/scan_joint_hoodouter_lower_plate1_offset50mm_ra_map_20261006_175616,2026-10-06 19:23:55
scan_joint_hoodouter_lower_plate1_offset50mm_ra_map_20261006_175616,,109,105,109,g105_p109_i0109_s1.png,0.9650,0.9650,,False,"Success (standoff ok (err +0.00 mm, 2 steps, travel 5.3 mm))",,,,/home/abc/mobile_manipulator_ws/results/scan_images/scan_joint_hoodouter_lower_plate1_offset50mm_ra_map_20261006_175616,2026-10-06 19:24:43
scan_joint_hoodouter_lower_plate1_offset50mm_ra_map_20261006_175616,,111,105,111,g105_p111_i0111_s1.png,1.5550,1.5550,,False,"Success (standoff ok (err -0.11 mm, 2 steps, travel 6.0 mm))",,,,/home/abc/mobile_manipulator_ws/results/scan_images/scan_joint_hoodouter_lower_plate1_offset50mm_ra_map_20261006_175616,2026-10-06 19:25:29
scan_joint_hoodouter_lower_plate1_offset50mm_ra_map_20261006_175616,,113,105,113,g105_p113_i0113_s1.png,1.4570,1.4570,,False,"Success (standoff ok (err -0.01 mm, 2 steps, travel 6.3 mm))",,,,/home/abc/mobile_manipulator_ws/results/scan_images/scan_joint_hoodouter_lower_plate1_offset50mm_ra_map_20261006_175616,2026-10-06 19:26:15
scan_joint_hoodouter_lower_plate1_offset50mm_ra_map_20261006_175616,,114,105,114,g105_p114_i0114_s1.png,1.3070,1.3070,,False,"Success (standoff ok (err -0.07 mm, 2 steps, travel 6.5 mm))",,,,/home/abc/mobile_manipulator_ws/results/scan_images/scan_joint_hoodouter_lower_plate1_offset50mm_ra_map_20261006_175616,2026-10-06 19:27:00
scan_joint_hoodouter_lower_plate1_offset50mm_ra_map_20261006_175616,,115,105,115,g105_p115_i0115_s1.png,0.9190,0.9190,,False,"Success (standoff ok (err -0.13 mm, 2 steps, travel 6.8 mm))",,,,/home/abc/mobile_manipulator_ws/results/scan_images/scan_joint_hoodouter_lower_plate1_offset50mm_ra_map_20261006_175616,2026-10-06 19:27:51
scan_joint_hoodouter_lower_plate1_offset50mm_ra_map_20261006_175616,,117,105,117,g105_p117_i0117_s1.png,1.4550,1.4550,,False,"Success (standoff ok (err -0.05 mm, 2 steps, travel 6.5 mm))",,,,/home/abc/mobile_manipulator_ws/results/scan_images/scan_joint_hoodouter_lower_plate1_offset50mm_ra_map_20261006_175616,2026-10-06 19:28:37
scan_joint_hoodouter_lower_plate1_offset50mm_ra_map_20261006_175616,,118,105,118,g105_p118_i0118_s1.png,1.3200,1.3200,,False,"Success (standoff ok (err -0.03 mm, 2 steps, travel 5.7 mm))",,,,/home/abc/mobile_manipulator_ws/results/scan_images/scan_joint_hoodouter_lower_plate1_offset50mm_ra_map_20261006_175616,2026-10-06 19:29:28
scan_joint_hoodouter_lower_plate1_offset50mm_ra_map_20261006_175616,,119,105,119,g105_p119_i0119_s1.png,1.6810,1.6810,,False,"Success (standoff ok (err -0.05 mm, 2 steps, travel 5.5 mm))",,,,/home/abc/mobile_manipulator_ws/results/scan_images/scan_joint_hoodouter_lower_plate1_offset50mm_ra_map_20261006_175616,2026-10-06 19:30:21
scan_joint_hoodouter_lower_plate1_offset50mm_ra_map_20261006_175616,,120,105,120,g105_p120_i0120_s1.png,1.5520,1.5520,,False,"Success (standoff ok (err -0.01 mm, 2 steps, travel 5.9 mm))",,,,/home/abc/mobile_manipulator_ws/results/scan_images/scan_joint_hoodouter_lower_plate1_offset50mm_ra_map_20261006_175616,2026-10-06 19:31:06
scan_joint_hoodouter_lower_plate1_offset50mm_ra_map_20261006_175616,,121,105,121,g105_p121_i0121_s1.png,1.5620,1.5620,,False,"Success (standoff ok (err -0.09 mm, 2 steps, travel 6.8 mm))",,,,/home/abc/mobile_manipulator_ws/results/scan_images/scan_joint_hoodouter_lower_plate1_offset50mm_ra_map_20261006_175616,2026-10-06 19:32:05
scan_joint_hoodouter_lower_plate1_offset50mm_ra_map_20261006_175616,,122,105,122,g105_p122_i0122_s1.png,1.2800,1.2800,,False,"Success (standoff ok (err -0.04 mm, 2 steps, travel 6.6 mm))",,,,/home/abc/mobile_manipulator_ws/results/scan_images/scan_joint_hoodouter_lower_plate1_offset50mm_ra_map_20261006_175616,2026-10-06 19:32:54
scan_joint_hoodouter_lower_plate1_offset50mm_ra_map_20261006_175616,,123,105,123,g105_p123_i0123_s1.png,1.3840,1.3840,,False,"Success (standoff ok (err -0.06 mm, 2 steps, travel 5.7 mm))",,,,/home/abc/mobile_manipulator_ws/results/scan_images/scan_joint_hoodouter_lower_plate1_offset50mm_ra_map_20261006_175616,2026-10-06 19:33:44
scan_joint_hoodouter_lower_plate1_offset50mm_ra_map_20261006_175616,,124,105,124,g105_p124_i0124_s1.png,1.2770,1.2770,,False,"Success (standoff ok (err -0.04 mm, 2 steps, travel 5.7 mm))",,,,/home/abc/mobile_manipulator_ws/results/scan_images/scan_joint_hoodouter_lower_plate1_offset50mm_ra_map_20261006_175616,2026-10-06 19:34:35
scan_joint_hoodouter_lower_plate1_offset50mm_ra_map_20261006_175616,,125,105,125,g105_p125_i0125_s1.png,0.9740,0.9740,,False,"Success (standoff ok (err -0.05 mm, 2 steps, travel 5.9 mm))",,,,/home/abc/mobile_manipulator_ws/results/scan_images/scan_joint_hoodouter_lower_plate1_offset50mm_ra_map_20261006_175616,2026-10-06 19:35:27
scan_joint_hoodouter_lower_plate1_offset50mm_ra_map_20261006_175616,,126,105,126,g105_p126_i0126_s1.png,1.2150,1.2150,,False,"Success (standoff ok (err +0.07 mm, 2 steps, travel 6.9 mm))",,,,/home/abc/mobile_manipulator_ws/results/scan_images/scan_joint_hoodouter_lower_plate1_offset50mm_ra_map_20261006_175616,2026-10-06 19:36:15
scan_joint_hoodouter_lower_plate1_offset50mm_ra_map_20261006_175616,,127,105,127,g105_p127_i0127_s1.png,1.7050,1.7050,,False,"Success (standoff ok (err -0.07 mm, 2 steps, travel 6.6 mm))",,,,/home/abc/mobile_manipulator_ws/results/scan_images/scan_joint_hoodouter_lower_plate1_offset50mm_ra_map_20261006_175616,2026-10-06 19:37:04
scan_joint_hoodouter_lower_plate1_offset50mm_ra_map_20261006_175616,,128,105,128,g105_p128_i0128_s1.png,1.6380,1.6380,,False,"Success (standoff ok (err -0.15 mm, 2 steps, travel 6.8 mm))",,,,/home/abc/mobile_manipulator_ws/results/scan_images/scan_joint_hoodouter_lower_plate1_offset50mm_ra_map_20261006_175616,2026-10-06 19:38:31
scan_joint_hoodouter_lower_plate1_offset50mm_ra_map_20261006_175616,,129,105,129,g105_p129_i0129_s1.png,,,,True,"Success (standoff ok (err -0.13 mm, 2 steps, travel 6.9 mm))",,,,/home/abc/mobile_manipulator_ws/results/scan_images/scan_joint_hoodouter_lower_plate1_offset50mm_ra_map_20261006_175616,2026-10-06 19:39:22
scan_joint_hoodouter_lower_plate1_offset50mm_ra_map_20261006_175616,,140,105,140,g105_p140_i0140_s1.png,1.3870,1.3870,,False,"Success (standoff ok (err +0.01 mm, 1 step, travel 6.7 mm))",,,,/home/abc/mobile_manipulator_ws/results/scan_images/scan_joint_hoodouter_lower_plate1_offset50mm_ra_map_20261006_175616,2026-10-06 19:40:41
scan_joint_hoodouter_lower_plate1_offset50mm_ra_map_20261006_175616,,142,105,142,g105_p142_i0142_s1.png,1.6610,1.6610,,False,"Success (standoff ok (err -0.07 mm, 2 steps, travel 6.3 mm))",,,,/home/abc/mobile_manipulator_ws/results/scan_images/scan_joint_hoodouter_lower_plate1_offset50mm_ra_map_20261006_175616,2026-10-06 19:41:28
scan_joint_hoodouter_lower_plate1_offset50mm_ra_map_20261006_175616,,144,105,144,g105_p144_i0144_s1.png,1.4130,1.4130,,False,"Success (standoff ok (err -0.05 mm, 2 steps, travel 6.1 mm))",,,,/home/abc/mobile_manipulator_ws/results/scan_images/scan_joint_hoodouter_lower_plate1_offset50mm_ra_map_20261006_175616,2026-10-06 19:42:17
scan_joint_hoodouter_lower_plate1_offset50mm_ra_map_20261006_175616,,146,105,146,g105_p146_i0146_s1.png,1.3440,1.3440,,False,"Success (standoff ok (err -0.03 mm, 2 steps, travel 5.6 mm))",,,,/home/abc/mobile_manipulator_ws/results/scan_images/scan_joint_hoodouter_lower_plate1_offset50mm_ra_map_20261006_175616,2026-10-06 19:43:12
scan_joint_hoodouter_lower_plate1_offset50mm_ra_map_20261006_175616,,147,105,147,g105_p147_i0147_s1.png,1.0860,1.0860,,False,"Success (standoff ok (err -0.08 mm, 2 steps, travel 5.6 mm))",,,,/home/abc/mobile_manipulator_ws/results/scan_images/scan_joint_hoodouter_lower_plate1_offset50mm_ra_map_20261006_175616,2026-10-06 19:44:03
scan_joint_hoodouter_lower_plate1_offset50mm_ra_map_20261006_175616,,149,105,149,g105_p149_i0149_s1.png,1.4170,1.4170,,False,"Success (standoff ok (err +0.03 mm, 2 steps, travel 6.2 mm))",,,,/home/abc/mobile_manipulator_ws/results/scan_images/scan_joint_hoodouter_lower_plate1_offset50mm_ra_map_20261006_175616,2026-10-06 19:44:53
scan_joint_hoodouter_lower_plate1_offset50mm_ra_map_20261006_175616,,151,105,151,g105_p151_i0151_s1.png,1.4470,1.4470,,False,"Success (standoff ok (err -0.04 mm, 2 steps, travel 6.5 mm))",,,,/home/abc/mobile_manipulator_ws/results/scan_images/scan_joint_hoodouter_lower_plate1_offset50mm_ra_map_20261006_175616,2026-10-06 19:46:21
scan_joint_hoodouter_lower_plate1_offset50mm_ra_map_20261006_175616,,153,105,153,g105_p153_i0153_s1.png,1.3280,1.3280,,False,"Success (standoff ok (err -0.01 mm, 2 steps, travel 6.8 mm))",,,,/home/abc/mobile_manipulator_ws/results/scan_images/scan_joint_hoodouter_lower_plate1_offset50mm_ra_map_20261006_175616,2026-10-06 19:47:13
scan_joint_hoodouter_lower_plate1_offset50mm_ra_map_20261006_175616,,154,105,154,g105_p154_i0154_s1.png,1.4440,1.4440,,False,"Success (standoff ok (err -0.11 mm, 2 steps, travel 7.3 mm))",,,,/home/abc/mobile_manipulator_ws/results/scan_images/scan_joint_hoodouter_lower_plate1_offset50mm_ra_map_20261006_175616,2026-10-06 19:48:39
scan_joint_hoodouter_lower_plate1_offset50mm_ra_map_20261006_175616,,156,105,156,g105_p156_i0156_s1.png,1.9650,1.9650,,False,"Success (standoff ok (err -0.03 mm, 2 steps, travel 7.0 mm))",,,,/home/abc/mobile_manipulator_ws/results/scan_images/scan_joint_hoodouter_lower_plate1_offset50mm_ra_map_20261006_175616,2026-10-06 19:49:29
scan_joint_hoodouter_lower_plate1_offset50mm_ra_map_20261006_175616,,158,105,158,g105_p158_i0158_s1.png,1.1290,1.1290,,False,"Success (standoff ok (err -0.12 mm, 2 steps, travel 6.5 mm))",,,,/home/abc/mobile_manipulator_ws/results/scan_images/scan_joint_hoodouter_lower_plate1_offset50mm_ra_map_20261006_175616,2026-10-06 19:50:20
scan_joint_hoodouter_lower_plate1_offset50mm_ra_map_20261006_175616,,159,105,159,g105_p159_i0159_s1.png,2.4000,2.4000,,False,"Success (standoff ok (err -0.09 mm, 2 steps, travel 6.7 mm))",,,,/home/abc/mobile_manipulator_ws/results/scan_images/scan_joint_hoodouter_lower_plate1_offset50mm_ra_map_20261006_175616,2026-10-06 19:51:40
scan_joint_hoodouter_lower_plate1_offset50mm_ra_map_20261006_175616,,161,105,161,g105_p161_i0161_s1.png,1.7600,1.7600,,False,"Success (standoff ok (err -0.07 mm, 2 steps, travel 7.0 mm))",,,,/home/abc/mobile_manipulator_ws/results/scan_images/scan_joint_hoodouter_lower_plate1_offset50mm_ra_map_20261006_175616,2026-10-06 19:52:30
scan_joint_hoodouter_lower_plate1_offset50mm_ra_map_20261006_175616,,163,105,163,g105_p163_i0163_s1.png,2.3000,2.3000,,False,"Success (standoff ok (err -0.06 mm, 2 steps, travel 7.5 mm))",,,,/home/abc/mobile_manipulator_ws/results/scan_images/scan_joint_hoodouter_lower_plate1_offset50mm_ra_map_20261006_175616,2026-10-06 19:53:48
scan_joint_hoodouter_lower_plate1_offset50mm_ra_map_20261006_175616,,165,105,165,g105_p165_i0165_s1.png,1.6950,1.6950,,False,"Success (standoff ok (err -0.13 mm, 2 steps, travel 7.8 mm))",,,,/home/abc/mobile_manipulator_ws/results/scan_images/scan_joint_hoodouter_lower_plate1_offset50mm_ra_map_20261006_175616,2026-10-06 19:54:40
scan_joint_hoodouter_lower_plate1_offset50mm_ra_map_20261006_175616,,166,105,166,g105_p166_i0166_s1.png,2.7110,2.7110,,False,"Success (standoff ok (err -0.08 mm, 2 steps, travel 7.4 mm))",,,,/home/abc/mobile_manipulator_ws/results/scan_images/scan_joint_hoodouter_lower_plate1_offset50mm_ra_map_20261006_175616,2026-10-06 19:55:29
scan_joint_hoodouter_lower_plate1_offset50mm_ra_map_20261006_175616,,168,105,168,g105_p168_i0168_s1.png,2.2100,2.2100,,False,"Success (standoff ok (err -0.14 mm, 2 steps, travel 7.1 mm))",,,,/home/abc/mobile_manipulator_ws/results/scan_images/scan_joint_hoodouter_lower_plate1_offset50mm_ra_map_20261006_175616,2026-10-06 19:56:48
scan_joint_hoodouter_lower_plate1_offset50mm_ra_map_20261006_175616,,170,105,170,g105_p170_i0170_s1.png,2.1700,2.1700,,False,"Success (standoff ok (err -0.06 mm, 2 steps, travel 6.6 mm))",,,,/home/abc/mobile_manipulator_ws/results/scan_images/scan_joint_hoodouter_lower_plate1_offset50mm_ra_map_20261006_175616,2026-10-06 19:57:39
scan_joint_hoodouter_lower_plate1_offset50mm_ra_map_20261006_175616,,172,105,172,g105_p172_i0172_s1.png,2.9000,2.9000,,False,"Success (standoff ok (err -0.06 mm, 2 steps, travel 5.8 mm))",,,,/home/abc/mobile_manipulator_ws/results/scan_images/scan_joint_hoodouter_lower_plate1_offset50mm_ra_map_20261006_175616,2026-10-06 19:59:02
scan_joint_hoodouter_lower_plate1_offset50mm_ra_map_20261006_175616,,174,105,174,g105_p174_i0174_s1.png,2.4060,2.4060,,False,"Success (standoff ok (err -0.06 mm, 2 steps, travel 6.6 mm))",,,,/home/abc/mobile_manipulator_ws/results/scan_images/scan_joint_hoodouter_lower_plate1_offset50mm_ra_map_20261006_175616,2026-10-06 19:59:49
scan_joint_hoodouter_lower_plate1_offset50mm_ra_map_20261006_175616,,176,105,176,g105_p176_i0176_s1.png,2.5080,2.5080,,False,"Success (standoff ok (err -0.03 mm, 2 steps, travel 7.3 mm))",,,,/home/abc/mobile_manipulator_ws/results/scan_images/scan_joint_hoodouter_lower_plate1_offset50mm_ra_map_20261006_175616,2026-10-06 20:00:37
scan_joint_hoodouter_lower_plate1_offset50mm_ra_map_20261006_175616,,178,105,178,g105_p178_i0178_s1.png,2.7650,2.7650,,False,"Success (standoff ok (err -0.20 mm, 2 steps, travel 7.5 mm))",,,,/home/abc/mobile_manipulator_ws/results/scan_images/scan_joint_hoodouter_lower_plate1_offset50mm_ra_map_20261006_175616,2026-10-06 20:01:29
scan_joint_hoodouter_lower_plate1_offset50mm_ra_map_20261006_175616,,179,105,179,g105_p179_i0179_s1.png,3.6020,3.6020,,False,"Success (standoff ok (err -0.15 mm, 2 steps, travel 7.9 mm))",,,,/home/abc/mobile_manipulator_ws/results/scan_images/scan_joint_hoodouter_lower_plate1_offset50mm_ra_map_20261006_175616,2026-10-06 20:02:24
scan_joint_hoodouter_lower_plate1_offset50mm_ra_map_20261006_175616,,181,105,181,g105_p181_i0181_s1.png,2.8610,2.8610,,False,"Success (standoff ok (err +0.02 mm, 2 steps, travel 7.2 mm))",,,,/home/abc/mobile_manipulator_ws/results/scan_images/scan_joint_hoodouter_lower_plate1_offset50mm_ra_map_20261006_175616,2026-10-06 20:03:16
scan_joint_hoodouter_lower_plate1_offset50mm_ra_map_20261006_175616,,183,105,183,g105_p183_i0183_s1.png,3.4170,3.4170,,False,"Success (standoff ok (err -0.05 mm, 2 steps, travel 6.4 mm))",,,,/home/abc/mobile_manipulator_ws/results/scan_images/scan_joint_hoodouter_lower_plate1_offset50mm_ra_map_20261006_175616,2026-10-06 20:04:02
