round,tag,ref_tag,marker_id,robot_x,robot_y,theta_deg,lift_mm,tool_frame,target_wx,target_wy,target_wz,before_tip_wx,before_tip_wy,before_tip_wz,before_j1,before_j2,before_j3,before_j4,before_j5,before_j6,standoff_converged,standoff_message,after_tip_wx,after_tip_wy,after_tip_wz,after_j1,after_j2,after_j3,after_j4,after_j5,after_j6,correction_dz_mm,image,ok,message
1,101,0,219,1.9997,1.7054,89.7984,0.0,flange,-0.6,-1.2,0.002,-0.6005,-1.2004,0.0015,-52.316,-6.7232,67.5457,-150.744,-90.0007,37.6842,False,"standoff (target 16.5 mm): standoff NOT corrected: reading does not follow the motion (frozen sensor / arm not moving / beam off the surface) (err +1.31 mm, 6 steps, travel 3.0 mm)",-0.6038,-1.203,-0.0029,-52.3165,-6.6508,67.6512,-150.4324,-90.0007,37.6831,-4.39,/home/abc/mobile_manipulator_ws/results/tip_check/20260928_170357_cross_tags/r1_tag101.png,True,ok
1,102,0,219,1.5997,1.6974,89.505,0.0,flange,-0.6,-1.2,0.002,-0.6007,-1.2002,0.0016,-72.7528,-12.7833,98.5593,-175.6921,-90.0004,17.2477,False,"standoff (target 16.5 mm): standoff NOT corrected: reading does not follow the motion (frozen sensor / arm not moving / beam off the surface) (err +1.08 mm, 6 steps, travel 3.4 mm)",-0.6048,-1.2015,-0.0034,-72.7519,-12.6282,98.6033,-175.4095,-90.0007,17.2472,-4.92,/home/abc/mobile_manipulator_ws/results/tip_check/20260928_170357_cross_tags/r1_tag102.png,True,ok
1,103,0,219,1.2006,1.7002,89.5895,0.0,flange,-0.6,-1.2,0.002,-0.6007,-1.1999,0.0016,-102.1263,-12.678,108.3865,-185.6285,-90.0004,-12.1265,True,"standoff (target 16.5 mm): standoff ok (err -0.13 mm, 2 steps, travel 2.7 mm)",-0.6021,-1.1996,-0.0023,-102.1256,-12.4215,108.2499,-185.5913,-90.0004,-12.1259,-3.9,/home/abc/mobile_manipulator_ws/results/tip_check/20260928_170357_cross_tags/r1_tag103.png,True,ok
1,104,0,219,0.8019,1.7047,90.3171,0.0,flange,-0.6,-1.2,0.002,-0.6005,-1.1996,0.0017,-129.4092,-12.7644,98.2382,-175.3951,-90.0002,-39.4083,True,"standoff (target 16.5 mm): standoff ok (err +0.17 mm, 3 steps, travel 2.9 mm)",-0.6022,-1.1982,-0.0029,-129.4079,-12.499,98.1216,-175.3055,-90.0004,-39.4085,-4.53,/home/abc/mobile_manipulator_ws/results/tip_check/20260928_170357_cross_tags/r1_tag104.png,True,ok
1,105,1,220,0.4006,1.7002,90.0034,0.0,flange,-0.6,0.0,0.002,-0.6007,-0.0002,0.0016,-73.4444,-12.7742,98.3994,-175.5437,-90.0007,16.5561,False,"standoff (target 16.5 mm): standoff NOT corrected: reading does not follow the motion (frozen sensor / arm not moving / beam off the surface) (err +1.31 mm, 10 steps, travel 7.9 mm)",-0.6075,-0.0023,-0.0036,-73.4441,-12.757,98.64,-175.0035,-90.0007,16.5561,-5.22,/home/abc/mobile_manipulator_ws/results/tip_check/20260928_170357_cross_tags/r1_tag105.png,True,ok
1,106,1,220,0.0003,1.7003,89.8123,0.0,flange,-0.6,0.0,0.002,-0.6007,0.0001,0.0016,-102.4729,-12.6774,108.3733,-185.6156,-90.0002,-12.4735,True,"standoff (target 16.5 mm): standoff ok (err +0.02 mm, 2 steps, travel 2.0 mm)",-0.602,0.0004,-0.0015,-102.4724,-12.485,108.2784,-185.561,-90.0015,-12.4724,-3.13,/home/abc/mobile_manipulator_ws/results/tip_check/20260928_170357_cross_tags/r1_tag106.png,True,ok
1,107,1,220,-0.3979,1.705,89.8305,0.0,flange,-0.6,0.0,0.002,-0.6006,0.0004,0.0017,-128.7393,-12.7729,98.364,-175.5121,-90.0002,-38.7387,True,"standoff (target 16.5 mm): standoff ok (err +0.12 mm, 2 steps, travel 2.1 mm)",-0.6016,0.0013,-0.0015,-128.7389,-12.5803,98.2719,-175.4578,-90.0007,-38.7387,-3.19,/home/abc/mobile_manipulator_ws/results/tip_check/20260928_170357_cross_tags/r1_tag107.png,True,ok
1,108,2,221,-0.7984,1.7011,90.0747,0.0,flange,-0.6,1.2,0.002,-0.6006,1.1998,0.0016,-73.4979,-12.7681,98.2887,-175.4432,-90.0007,16.5032,False,"standoff (target 16.5 mm): standoff NOT corrected: reading does not follow the motion (frozen sensor / arm not moving / beam off the surface) (err +0.69 mm, 5 steps, travel 6.6 mm)",-0.6041,1.1987,0.0054,-73.4974,-13.2898,98.8043,-175.0279,-90.0011,16.503,3.74,/home/abc/mobile_manipulator_ws/results/tip_check/20260928_170357_cross_tags/r1_tag108.png,True,ok
1,109,2,221,-1.1972,1.7089,89.908,0.0,flange,-0.6,1.2,0.002,-0.6006,1.2001,0.0017,-102.2884,-12.7474,107.5625,-184.74,-90.0,-12.2886,False,"standoff (target 16.5 mm): standoff NOT corrected: reading does not follow the motion (frozen sensor / arm not moving / beam off the surface) (err +0.53 mm, 5 steps, travel 6.5 mm)",-0.6041,1.2009,0.0055,-102.2868,-13.278,108.0774,-184.3225,-90.0007,-12.2884,3.84,/home/abc/mobile_manipulator_ws/results/tip_check/20260928_170357_cross_tags/r1_tag109.png,True,ok
1,110,2,221,-1.5949,1.7088,89.6066,0.0,flange,-0.6,1.2,0.002,-0.6005,1.2004,0.0017,-128.1267,-12.7635,98.2108,-175.369,-90.0007,-38.1254,True,"standoff (target 16.5 mm): standoff ok (err -0.08 mm, 4 steps, travel 5.7 mm)",-0.6028,1.2022,0.0053,-128.1258,-13.2084,98.6387,-175.0324,-90.0004,-38.1256,3.61,/home/abc/mobile_manipulator_ws/results/tip_check/20260928_170357_cross_tags/r1_tag110.png,True,ok
1,111,2,221,-1.9949,1.7079,89.5796,0.0,flange,-0.6,1.2,0.002,-0.6004,1.2006,0.0016,-144.6782,-7.0678,68.7259,-151.577,-90.0004,-54.678,False,"standoff (target 16.5 mm): standoff NOT corrected: reading does not follow the motion (frozen sensor / arm not moving / beam off the surface) (err +0.75 mm, 7 steps, travel 6.4 mm)",-0.6032,1.2045,0.0042,-144.6767,-7.5303,69.2948,-151.1225,-90.0011,-54.6773,2.61,/home/abc/mobile_manipulator_ws/results/tip_check/20260928_170357_cross_tags/r1_tag111.png,True,ok
1,114,3,222,-1.9919,-1.6777,-90.1173,0.0,flange,0.6,1.2,0.002,0.6005,1.2004,0.0016,-51.8313,-7.7631,71.2016,-153.3637,-90.0004,38.1689,True,"standoff (target 16.5 mm): standoff ok (err +0.17 mm, 2 steps, travel 1.7 mm)",0.6016,1.2013,-0.0015,-51.8309,-7.6073,71.1298,-153.2823,-90.0004,38.1689,-3.15,/home/abc/mobile_manipulator_ws/results/tip_check/20260928_170357_cross_tags/r1_tag114.png,True,ok
1,115,3,222,-1.5935,-1.6823,-89.9916,0.0,flange,0.6,1.2,0.002,0.6007,1.2002,0.0016,-73.547,-12.869,100.3791,-177.4296,-90.0004,16.4532,False,"standoff (target 16.5 mm): standoff NOT corrected: reading does not follow the motion (frozen sensor / arm not moving / beam off the surface) (err +0.65 mm, 6 steps, travel 3.9 mm)",0.6048,1.2015,0.0006,-73.5466,-13.0394,100.66,-177.0591,-90.0004,16.4534,-0.95,/home/abc/mobile_manipulator_ws/results/tip_check/20260928_170357_cross_tags/r1_tag115.png,True,ok
1,116,3,222,-1.1944,-1.6873,-90.7887,0.0,flange,0.6,1.2,0.002,0.6006,1.1999,0.0016,-102.2551,-12.5477,109.5763,-186.9516,-90.0002,-12.256,False,"standoff (target 16.5 mm): standoff NOT corrected: reading does not follow the motion (frozen sensor / arm not moving / beam off the surface) (err +1.85 mm, 6 steps, travel 1.7 mm)",0.605,1.1989,-0.0007,-102.2531,-12.5936,109.7758,-186.6035,-90.0007,-12.2547,-2.34,/home/abc/mobile_manipulator_ws/results/tip_check/20260928_170357_cross_tags/r1_tag116.png,True,ok
1,117,3,222,-0.7944,-1.6882,-90.0786,0.0,flange,0.6,1.2,0.002,0.6005,1.1996,0.0017,-129.9928,-12.8333,99.4983,-176.589,-90.0002,-39.9924,True,"standoff (target 16.5 mm): standoff ok (err +0.15 mm, 2 steps, travel 0.6 mm)",0.6017,1.1986,0.0009,-129.9922,-12.8418,99.5607,-176.4783,-90.0002,-39.9926,-0.79,/home/abc/mobile_manipulator_ws/results/tip_check/20260928_170357_cross_tags/r1_tag117.png,True,ok
1,118,4,223,-0.396,-1.692,-89.9056,0.0,flange,0.6,0.0,0.002,0.6007,0.0002,0.0016,-73.7002,-12.8281,99.4021,-176.4942,-90.0004,16.3004,True,"standoff (target 16.5 mm): standoff ok (err -0.14 mm, 2 steps, travel 2.9 mm)",0.6021,0.0006,-0.0026,-73.7,-12.5671,99.2651,-176.4589,-90.0004,16.2998,-4.15,/home/abc/mobile_manipulator_ws/results/tip_check/20260928_170357_cross_tags/r1_tag118.png,True,ok
1,119,4,223,-0.0002,-1.6906,-90.0178,0.0,flange,0.6,0.0,0.002,0.6008,-0.0002,0.0016,-102.8823,-12.5836,109.2829,-186.6101,-90.0002,-12.8829,False,"standoff (target 16.5 mm): standoff NOT corrected: reading does not follow the motion (frozen sensor / arm not moving / beam off the surface) (err +0.59 mm, 7 steps, travel 5.3 mm)",0.6055,-0.0012,-0.0022,-102.8792,-12.5268,109.4143,-186.2542,-90.0009,-12.8821,-3.78,/home/abc/mobile_manipulator_ws/results/tip_check/20260928_170357_cross_tags/r1_tag119.png,True,ok
1,120,4,223,0.4021,-1.6981,-90.1327,0.0,flange,0.6,0.0,0.002,0.6005,-0.0004,0.0017,-129.3078,-12.7968,98.7801,-175.9046,-90.0002,-39.3076,False,"standoff (target 16.5 mm): standoff NOT corrected: reading does not follow the motion (frozen sensor / arm not moving / beam off the surface) (err +1.12 mm, 6 steps, travel 4.5 mm)",0.6039,-0.0032,-0.0041,-129.3063,-12.5427,98.7543,-175.6501,-90.0007,-39.3073,-5.73,/home/abc/mobile_manipulator_ws/results/tip_check/20260928_170357_cross_tags/r1_tag120.png,True,ok
1,121,5,224,0.8057,-1.6904,-90.0617,0.0,flange,0.6,-1.2,0.002,0.6006,-1.1998,0.0016,-73.5629,-12.8375,99.586,-176.6756,-90.0004,16.4375,True,"standoff (target 16.5 mm): standoff ok (err -0.03 mm, 2 steps, travel 3.4 mm)",0.602,-1.1994,-0.0031,-73.5627,-12.5331,99.4187,-176.6451,-90.0007,16.4373,-4.73,/home/abc/mobile_manipulator_ws/results/tip_check/20260928_170357_cross_tags/r1_tag121.png,True,ok
1,122,5,224,1.2049,-1.6934,-90.6795,0.0,flange,0.6,-1.2,0.002,0.6007,-1.2002,0.0016,-102.2588,-12.6123,109.0207,-186.3266,-90.0002,-12.2601,False,"standoff (target 16.5 mm): standoff NOT corrected: reading does not follow the motion (frozen sensor / arm not moving / beam off the surface) (err +1.47 mm, 6 steps, travel 3.9 mm)",0.605,-1.2011,-0.003,-102.2568,-12.4568,109.0723,-186.0464,-90.0011,-12.2586,-4.6,/home/abc/mobile_manipulator_ws/results/tip_check/20260928_170357_cross_tags/r1_tag122.png,True,ok
1,123,5,224,1.6045,-1.6905,-90.059,0.0,flange,0.6,-1.2,0.002,0.6006,-1.2005,0.0016,-129.8591,-12.8259,99.346,-176.4361,-90.0,-39.8586,True,"standoff (target 16.5 mm): standoff ok (err +0.08 mm, 2 steps, travel 2.1 mm)",0.6016,-1.2013,-0.0016,-129.8588,-12.6308,99.2524,-176.3843,-90.0007,-39.8588,-3.19,/home/abc/mobile_manipulator_ws/results/tip_check/20260928_170357_cross_tags/r1_tag123.png,True,ok
1,124,5,224,2.002,-1.6938,-90.4448,0.0,flange,0.6,-1.2,0.002,0.6004,-1.2006,0.0015,-145.4751,-7.259,69.4158,-152.0693,-90.0004,-55.4749,True,"standoff (target 16.5 mm): standoff ok (err -0.03 mm, 2 steps, travel 2.9 mm)",0.6012,-1.2017,-0.0026,-145.4744,-7.0143,69.2606,-152.0057,-90.0004,-55.4749,-4.06,/home/abc/mobile_manipulator_ws/results/tip_check/20260928_170357_cross_tags/r1_tag124.png,True,ok
