round,tag,ref_tag,marker_id,method,px_per_mm,err_wx_mm,err_wy_mm,err_xy_mm,marker_axis_dev_deg,correction_dz_mm,robot_x,robot_y,theta_deg,image
1,101,0,219,detected,89.47,6.15,4.26,7.48,-1.34,-4.39,1.9997,1.7054,89.7984,r1_tag101.png
1,102,0,219,detected,89.49,4.59,3.63,5.85,-1.31,-4.92,1.5997,1.6974,89.505,r1_tag102.png
1,103,0,219,registered to r1_tag102.png (0.78),89.25,8.69,-6.55,10.89,,-3.9,1.2006,1.7002,89.5895,r1_tag103.png
1,104,0,219,registered to r1_tag101.png (0.85),89.25,16.92,-2.73,17.14,,-4.53,0.8019,1.7047,90.3171,r1_tag104.png
1,105,1,220,detected,89.18,7.85,-1.08,7.92,-0.17,-5.22,0.4006,1.7002,90.0034,r1_tag105.png
1,106,1,220,detected,87.78,10.67,-2.28,10.91,-0.26,-3.13,0.0003,1.7003,89.8123,r1_tag106.png
1,107,1,220,detected,87.82,10.73,-3.92,11.43,-0.26,-3.19,-0.3979,1.705,89.8305,r1_tag107.png
1,108,2,221,registered to r1_tag110.png (0.89),89.25,11.89,4.49,12.71,,3.74,-0.7984,1.7011,90.0747,r1_tag108.png
1,109,2,221,registered to r1_tag110.png (0.98),89.25,12.08,-0.96,12.12,,3.84,-1.1972,1.7089,89.908,r1_tag109.png
1,110,2,221,detected,89.32,10.09,-1.46,10.2,-0.17,3.61,-1.5949,1.7088,89.6066,r1_tag110.png
1,111,2,221,detected,89.75,2.08,-4.7,5.14,0.24,2.61,-1.9949,1.7079,89.5796,r1_tag111.png
1,114,3,222,registered to r1_tag115.png (0.93),89.25,-6.41,-10.64,12.43,,-3.15,-1.9919,-1.6777,-90.1173,r1_tag114.png
1,115,3,222,detected,88.21,-10.64,-5.39,11.93,0.02,-0.95,-1.5935,-1.6823,-89.9916,r1_tag115.png
1,116,3,222,registered to r1_tag115.png (0.79),89.25,-3.78,1.36,4.02,,-2.34,-1.1944,-1.6873,-90.7887,r1_tag116.png
1,117,3,222,registered to r1_tag115.png (0.85),89.25,-11.54,5.49,12.78,,-0.79,-0.7944,-1.6882,-90.0786,r1_tag117.png
1,118,4,223,"marker not found, no frame of the same cross tag to register to",,,,,,-4.15,-0.396,-1.692,-89.9056,r1_tag118.png
1,119,4,223,"marker not found, no frame of the same cross tag to register to",,,,,,-3.78,-0.0002,-1.6906,-90.0178,r1_tag119.png
1,120,4,223,"marker not found, no frame of the same cross tag to register to",,,,,,-5.73,0.4021,-1.6981,-90.1327,r1_tag120.png
1,121,5,224,registered to r1_tag122.png (0.88),89.25,-12.75,-3.92,13.34,,-4.73,0.8057,-1.6904,-90.0617,r1_tag121.png
1,122,5,224,detected,89.44,-5.14,2.45,5.69,-0.11,-4.6,1.2049,-1.6934,-90.6795,r1_tag122.png
1,123,5,224,registered to r1_tag124.png (0.93),89.25,-11.38,5.91,12.82,,-3.19,1.6045,-1.6905,-90.059,r1_tag123.png
1,124,5,224,detected,88.42,-3.13,10.14,10.61,-0.06,-4.06,2.002,-1.6938,-90.4448,r1_tag124.png
