order,label,tag,height_m,tilt_deg,azimuth_deg,spin_rel_deg,x_mm,y_mm,z_mm,rx_deg,ry_deg,rz_deg,reach_m,rot_from_start_deg,predicted_tags,reason
1,t307_h45_down_s+0_up10,307,0.550,0.0,0.0,0.0,-93.506,581.860,54.073,179.953,0.435,6.055,0.5918,3.18,305 307 309,
2,t309_h55_down_s+0,309,0.550,0.0,0.0,0.0,56.488,580.559,54.073,179.953,0.435,6.055,0.5858,3.18,307 309,
3,t309_h45_a180_s+0_body_up15,309,0.600,8.0,180.0,0.0,55.603,478.575,50.269,-172.099,-0.479,6.052,0.4844,4.82,307 309,
4,t307_h45_a90_s+0_up10,307,0.550,15.0,90.0,0.0,89.064,580.276,28.599,-178.292,15.334,6.298,0.5878,15.29,305 307 309,
5,t305_h45_a180_s+40_body_up15,305,0.600,8.0,180.0,40.0,-30.457,560.118,61.624,-174.530,-5.366,45.817,0.5643,40.28,303 305 307,
6,t303_h55_a180_s+40_body_up5,303,0.600,8.0,180.0,40.0,-180.452,561.419,61.624,-174.530,-5.366,45.817,0.5929,40.28,301 303 305,
7,t303_h45_down_s+40_up5,303,0.500,0.0,0.0,40.0,-179.560,664.196,4.073,179.953,0.435,46.055,0.6881,40.12,301 303 305,
8,t305_h55_down_s+40,305,0.550,0.0,0.0,40.0,-29.566,662.895,54.073,179.953,0.435,46.055,0.6658,40.12,303 305 307,
9,t307_h45_a270_s+40,307,0.450,15.0,270.0,40.0,-43.898,663.019,-9.978,168.960,-9.826,46.961,0.6645,43.13,307 309,
10,t303_h45_a90_s+40,303,0.450,15.0,90.0,40.0,-30.136,662.900,-123.183,-169.023,10.679,47.130,0.6749,42.32,301 303,
11,t307_h45_a0_s+40,307,0.450,15.0,0.0,40.0,121.864,827.060,-1.323,169.497,11.258,44.982,0.8360,43.78,307 309,
12,t309_h55_a0_s+40,309,0.550,15.0,0.0,40.0,272.083,851.640,95.270,169.497,11.258,44.982,0.8991,43.78,307 309,
13,t309_h45_down_s+40_up5,309,0.500,0.0,0.0,40.0,270.423,660.292,4.073,179.953,0.435,46.055,0.7135,40.12,307 309,
14,t309_h45_a90_s+40,309,0.450,15.0,90.0,40.0,419.847,658.996,-123.183,-169.023,10.679,47.130,0.7910,42.32,307 309,
15,t301_h45_a0_s+40,301,0.450,15.0,0.0,40.0,-328.119,830.964,-1.323,169.497,11.258,44.982,0.8934,43.78,301 303,
16,t301_h45_a270_s+40,301,0.450,15.0,270.0,40.0,-493.882,666.923,-9.978,168.960,-9.826,46.961,0.8299,43.13,301 303,
17,t301_h45_down_s+0,301,0.450,0.0,0.0,0.0,-543.489,585.764,-45.927,179.953,0.435,6.055,0.8004,3.18,301 303,
18,t301_h45_a90_s+0_body,301,0.450,8.0,90.0,0.0,-459.187,585.033,-52.586,-179.127,8.382,6.126,0.7456,8.57,301 303,
19,t303_h55_down_s+0,303,0.550,0.0,0.0,0.0,-393.495,584.463,54.073,179.953,0.435,6.055,0.7067,3.18,301 303 305,
20,t303_h45_a180_s+0_body_up15,303,0.600,8.0,180.0,0.0,-394.380,482.479,50.269,-172.099,-0.479,6.052,0.6252,4.82,301 303 305,
21,t305_h45_a270_s+0,305,0.450,15.0,270.0,0.0,-400.562,584.524,-65.167,178.206,-14.465,6.270,0.7116,15.38,303 305 307,
22,t307_h55_a270_s+0,307,0.550,15.0,270.0,0.0,-276.449,583.447,31.425,178.206,-14.465,6.270,0.6464,15.38,305 307 309,
23,t305_h45_a0_s+0,305,0.450,15.0,0.0,0.0,-242.041,751.408,19.793,165.043,2.113,5.722,0.7897,18.18,303 305 307,
24,t301_h55_a0_s+0,301,0.550,15.0,0.0,0.0,-541.805,779.891,116.386,165.043,2.113,5.722,0.9567,18.18,301 303,
25,t303_h45_a0_s-40,303,0.450,15.0,0.0,-40.0,-607.193,826.604,0.494,167.364,-7.777,-33.134,1.0256,43.79,301 303 305,
26,t305_h45_down_s-40,305,0.450,0.0,0.0,-40.0,-458.636,659.597,-45.927,179.953,0.435,-33.945,0.8047,40.12,303 305 307,
27,t307_h55_down_s-40,307,0.550,0.0,0.0,-40.0,-308.642,658.295,54.073,179.953,0.435,-33.945,0.7291,40.12,305 307 309,
28,t305_h55_a90_s-40,305,0.550,15.0,90.0,-40.0,-268.713,657.949,84.449,171.538,12.902,-34.930,0.7157,43.10,301 303 305 307,
29,t305_h45_a90_s-40,305,0.450,15.0,90.0,-40.0,-294.594,658.174,-12.143,171.538,12.902,-34.930,0.7212,43.10,303 305 307,
30,t307_h45_a180_s-40_body,307,0.450,8.0,180.0,-40.0,-309.352,576.462,-87.893,-173.354,4.831,-33.637,0.6601,40.27,305 307 309,
31,t309_h45_a270_s-40,309,0.450,15.0,270.0,-40.0,-308.357,658.293,-121.018,-171.659,-12.041,-34.800,0.7369,42.35,307 309,
32,t309_h45_a0_s-40,309,0.450,15.0,0.0,-40.0,-157.210,822.700,0.494,167.364,-7.777,-33.134,0.8376,43.79,307 309,
33,t301_h55_down_s-40,301,0.550,0.0,0.0,-40.0,-758.625,662.199,54.073,179.953,0.435,-33.945,1.0084,40.12,301 303,
34,t301_h45_a180_s-40_body,301,0.450,8.0,180.0,-40.0,-759.335,580.366,-87.893,-173.354,4.831,-33.637,0.9598,40.27,301 303,
35,t303_h45_a270_s-40,303,0.450,15.0,270.0,-40.0,-758.340,662.197,-121.018,-171.659,-12.041,-34.800,1.0140,42.35,301 303 305,
