time,label,sample,tag,height_m,tilt_deg,azimuth_deg,spin_rel_deg,hand_tags,hand_rms_px,scatter_px,front_tags,raw_err_mm,raw_err_deg,tcp,joints,note
12:27:55,t307_h45_down_s+0_up10,v00,307,0.550,0.0,0.0,0.0,305 307 309,0.28,0.04,200,15.2,0.65,-93.5 581.9 54.1 180.0 0.4 6.1,-96.60 -53.81 139.88 -175.92 -89.59 -12.66,ok
12:28:14,t309_h55_down_s+0,v01,309,0.550,0.0,0.0,0.0,307 309,0.12,0.04,200,18.1,0.49,56.5 580.6 54.1 180.0 0.4 6.1,-111.45 -53.89 140.47 -176.34 -89.64 -27.50,ok
12:28:28,t309_h45_a180_s+0_body_up15,v02,309,0.600,8.0,180.0,0.0,307 309,0.10,0.06,200,22.2,0.98,55.6 478.6 50.3 -172.1 -0.5 6.1,-116.80 -49.68 152.16 -199.38 -86.12 -32.65,ok
12:28:44,t307_h45_a90_s+0_up10,v03,307,0.550,15.0,90.0,0.0,305 307 309,0.26,0.05,200,22.7,1.10,89.1 580.3 28.6 -178.3 15.3 6.3,-117.01 -51.83 139.44 -170.49 -76.27 -33.93,ok
12:29:01,t305_h45_a180_s+40_body_up15,v04,305,0.600,8.0,180.0,40.0,303 305 307,0.44,0.04,200,26.3,2.33,-30.5 560.1 61.6 -174.5 -5.4 45.8,-103.75 -52.84 144.08 -188.63 -87.99 -59.69,ok
12:29:20,t303_h55_a180_s+40_body_up5,v05,303,0.600,8.0,180.0,40.0,301 303 305,0.34,0.05,200,26.0,1.72,-180.5 561.4 61.6 -174.5 -5.4 45.8,-87.81 -52.75 141.07 -185.98 -90.09 -43.88,ok
12:29:36,t303_h45_down_s+40_up5,v06,303,0.500,0.0,0.0,40.0,301 303 305,0.28,0.04,200,15.3,0.86,-179.6 664.2 4.0 180.0 0.4 46.1,-88.28 -46.95 129.29 -172.01 -89.72 -44.33,ok
12:29:56,t305_h55_down_s+40,v07,305,0.550,0.0,0.0,40.0,303 305 307,0.26,0.03,200,19.6,0.96,-29.6 662.9 54.1 180.0 0.4 46.1,-101.34 -52.72 132.22 -169.10 -89.81 -57.40,ok
12:30:07,t307_h45_a270_s+40,v08,307,0.450,15.0,270.0,40.0,307 309,0.11,0.05,200,22.8,1.30,-43.9 663.0 -10.0 169.0 -9.8 47.0,-97.68 -44.91 131.12 -177.74 -104.66 -53.89,ok
12:30:24,t303_h45_a90_s+40,v09,303,0.450,15.0,90.0,40.0,301 303,0.10,0.04,200,21.2,0.85,-30.1 662.9 -123.2 -169.0 10.7 47.1,-103.68 -33.92 128.88 -181.04 -75.23 -60.29,ok
12:30:54,t307_h45_a0_s+40,v10,307,0.450,15.0,0.0,40.0,307 309,0.16,0.04,200,34.2,1.66,121.9 827.1 -1.3 169.5 11.3 45.0,-108.77 -44.02 110.33 -141.62 -94.51 -64.20,ok
12:31:16,t309_h55_a0_s+40,v11,309,0.550,15.0,0.0,40.0,307 309,0.13,0.04,200,29.7,1.15,272.1 851.6 95.3 169.5 11.3 45.0,-117.17 -48.71 103.89 -131.28 -96.59 -72.39,ok
12:31:43,t309_h45_down_s+40_up5,v12,309,0.500,0.0,0.0,40.0,307 309,0.17,0.05,200,23.7,0.55,270.4 660.3 4.0 180.0 0.4 46.1,-125.15 -46.55 126.63 -169.64 -89.98 -81.21,ok
12:32:06,t309_h45_a90_s+40,v13,309,0.450,15.0,90.0,40.0,307 309,0.07,0.03,200,30.4,0.95,419.9 659.0 -123.2 -169.0 10.7 47.1,-135.69 -34.80 115.53 -159.52 -79.56 -92.81,ok
12:33:31,,,,,,,,,,,,,,,,hand_cam sees only [301] of the whitelist
12:33:59,t301_h45_a270_s+40,v14,301,0.450,15.0,270.0,40.0,301 303,0.09,0.03,200,10.5,0.74,-493.9 666.9 -10.0 169.0 -9.8 47.0,-62.87 -42.82 112.31 -152.22 -102.86 -18.06,ok
12:34:16,t301_h45_down_s+0,v15,301,0.450,0.0,0.0,0.0,301 303,0.18,0.06,200,10.7,0.71,-543.5 585.7 -46.0 179.9 0.4 6.1,-58.68 -40.06 116.96 -167.04 -89.59 25.27,ok
12:34:29,t301_h45_a90_s+0_body,v16,301,0.450,8.0,90.0,0.0,301 303,0.28,0.05,200,13.3,0.99,-459.2 585.0 -52.6 -179.1 8.4 6.1,-65.33 -39.75 123.40 -177.16 -82.34 18.84,ok
12:34:45,t303_h55_down_s+0,v17,303,0.550,0.0,0.0,0.0,301 303 305,0.24,0.03,200,10.5,0.53,-393.5 584.4 54.1 180.0 0.4 6.1,-69.16 -51.70 128.06 -166.41 -89.57 14.79,ok
12:35:00,t303_h45_a180_s+0_body_up15,v18,303,0.600,8.0,180.0,0.0,301 303 305,0.47,0.04,200,34.4,1.88,-394.4 482.5 50.2 -172.1 -0.5 6.1,-64.99 -51.19 137.41 -183.54 -93.01 18.73,ok
12:35:20,t305_h45_a270_s+0,v19,305,0.450,15.0,270.0,0.0,303 305 307,0.38,0.04,200,8.8,0.46,-400.5 584.5 -65.2 178.2 -14.5 6.3,-66.54 -40.28 124.47 -168.08 -103.25 18.13,ok
12:35:40,t307_h55_a270_s+0,v20,307,0.550,15.0,270.0,0.0,305 307 309,0.25,0.06,200,8.6,0.37,-276.4 583.4 31.4 178.2 -14.5 6.3,-76.55 -50.70 132.74 -168.35 -104.11 7.86,ok
12:36:01,t305_h45_a0_s+0,v21,305,0.450,15.0,0.0,0.0,303 305 307,0.33,0.07,200,14.0,0.90,-242.0 751.4 19.8 165.0 2.1 5.7,-84.05 -47.49 115.79 -143.34 -87.90 -0.33,ok
12:36:38,t301_h55_a0_s+0,v22,301,0.550,15.0,0.0,0.0,301 303,0.13,0.04,200,12.4,0.90,-541.8 779.9 116.4 165.0 2.1 5.7,-65.61 -47.48 97.71 -126.66 -83.32 17.60,ok
12:36:57,t303_h45_a0_s-40,v23,303,0.450,15.0,0.0,-40.0,301 303 305,0.30,0.04,200,12.4,1.24,-607.2 826.6 0.4 167.4 -7.8 -33.1,-63.35 -36.10 88.41 -129.26 -82.96 59.84,ok
12:37:25,t305_h45_down_s-40,v24,305,0.450,0.0,0.0,-40.0,303 305 307,0.38,0.05,200,8.6,0.91,-458.6 659.6 -46.0 180.0 0.4 -33.9,-66.64 -39.94 116.52 -166.92 -89.73 57.30,ok
12:37:47,t307_h55_down_s-40,v25,307,0.550,0.0,0.0,-40.0,305 307 309,0.28,0.03,200,8.9,0.77,-308.6 658.3 54.1 180.0 0.4 -33.9,-77.56 -51.08 125.74 -164.94 -89.67 46.38,ok
12:37:56,t305_h55_a90_s-40,v26,305,0.550,15.0,90.0,-40.0,301 303 305 307,0.29,0.04,200,12.3,0.98,-268.7 657.9 84.4 171.5 12.9 -34.9,-83.03 -54.06 128.53 -166.72 -74.77 41.24,ok
12:38:11,t305_h45_a90_s-40,v27,305,0.450,15.0,90.0,-40.0,303 305 307,0.37,0.04,200,12.4,0.81,-294.6 658.2 -12.2 171.5 12.9 -34.9,-80.89 -43.94 126.73 -175.62 -74.87 43.46,ok
12:38:26,t307_h45_a180_s-40_body,v28,307,0.450,8.0,180.0,-40.0,305 307 309,1.25,0.04,200,68.0,3.76,-309.3 576.4 -87.9 -173.4 4.8 -33.6,-75.56 -35.20 131.50 -194.32 -91.73 48.24,ok
12:38:39,t309_h45_a270_s-40,v29,309,0.450,15.0,270.0,-40.0,307 309,0.36,0.03,200,9.3,1.13,-308.4 658.3 -121.0 -171.7 -12.0 -34.8,-75.45 -34.26 121.43 -173.49 -104.15 48.93,ok
12:39:10,t309_h45_a0_s-40,v30,309,0.450,15.0,0.0,-40.0,307 309,0.16,0.04,200,11.5,1.39,-157.2 822.7 0.5 167.4 -7.8 -33.1,-90.19 -44.19 110.32 -141.33 -89.53 33.75,ok
12:40:19,t301_h55_down_s-40,v31,301,0.550,0.0,0.0,-40.0,301 303,0.14,0.04,200,10.9,0.56,-758.6 662.2 54.0 180.0 0.4 -33.9,-50.22 -40.28 94.15 -144.27 -89.84 73.73,ok
12:40:39,t301_h45_a180_s-40_body,v32,301,0.450,8.0,180.0,-40.0,301 303,0.15,0.05,200,12.3,0.54,-759.3 580.3 -87.9 -173.4 4.8 -33.6,-46.36 -31.58 99.21 -163.80 -95.42 77.27,ok
12:40:52,t303_h45_a270_s-40,v33,303,0.450,15.0,270.0,-40.0,301 303 305,0.34,0.04,200,8.0,1.17,-758.3 662.2 -121.1 -171.7 -12.0 -34.8,-49.05 -28.32 89.11 -141.15 -101.04 75.80,ok
12:40:52,,,,,,,,,,,,,,,,"return path fails a rule (chunk 3/3: body clearance — flange 2 mm below the arm-base plane at only 0.59 m reach — elbow/tool fold down toward the body (collided at 0.40 m, stalled at 0.50 m on 2026-09-21); need >= 0.65 m or a higher target; via +0.10 m also fails: chunk 5/5: body clearance — flange 2 mm below the arm-base plane at only 0.59 m reach — elbow/tool fold down toward the body (collided at 0.40 m, stalled at 0.50 m on 2026-09-21); need >= 0.65 m or a higher target) — the arm stays where it is"
