tag_id,zone,corridor,type,name,tag_x_mm,tag_y_mm,tag_z_mm,roll_deg,pitch_deg,yaw_deg,ref_tag_id,stop_x_mm,stop_y_mm,robot_heading_deg,arm_x_mm,arm_y_mm,arm_z_mm,arm_rx_deg,arm_ry_deg,arm_rz_deg,reach_tcp_m,reach_flange_m
0,plate,,Calibration,,-600.0,-1200.0,1.0,180.0,0.0,0.0,,,,,,,,,,,,
1,plate,,Calibration,,-600.0,0.0,1.0,180.0,0.0,0.0,,,,,,,,,,,,
2,plate,,Calibration,,-600.0,1200.0,1.0,180.0,0.0,0.0,,,,,,,,,,,,
3,plate,,Calibration,,600.0,1200.0,1.0,180.0,0.0,0.0,,,,,,,,,,,,
4,plate,,Calibration,,600.0,0.0,1.0,180.0,0.0,0.0,,,,,,,,,,,,
5,plate,,Calibration,,600.0,-1200.0,1.0,180.0,0.0,0.0,,,,,,,,,,,,
100,B,B,WORK,,-1703.1,-1846.6,-80.0,180.0,0.0,90.0,0,-1703.1,-2396.6,90.0,-942.5,797.0,85.1,180.0,0.4,53.5,1.237,1.035
101,B,B,WORK,,-1703.8,-1448.7,-80.0,180.0,0.0,90.0,0,-1703.8,-1998.7,90.0,-610.9,735.6,85.1,180.0,0.4,38.5,0.96,0.772
102,B,B,WORK,,-1701.8,-1049.6,-80.0,180.0,0.0,90.0,0,-1701.8,-1599.6,90.0,-290.6,690.6,85.1,180.0,0.4,23.5,0.754,0.587
103,B,B,WORK,,-1700.3,-650.1,-80.0,180.0,0.0,90.0,0,-1700.3,-1200.1,90.0,-5.9,667.5,85.1,180.0,0.4,3.5,0.673,0.519
104,B,B,WORK,,-1704.9,-251.5,-80.0,180.0,0.0,90.0,0,-1704.9,-801.5,90.0,252.8,702.9,85.1,180.0,0.4,-21.5,0.752,0.585
105,B,B,WORK,,-1701.0,146.7,-80.0,180.0,0.0,90.0,1,-1701.0,-403.3,90.0,-294.3,689.9,85.1,180.0,0.4,23.5,0.755,0.587
106,B,B,WORK,,-1703.0,546.1,-80.0,180.0,0.0,90.0,1,-1703.0,-3.9,90.0,-9.7,670.3,85.1,180.0,0.4,3.5,0.676,0.521
107,B,B,WORK,,-1707.3,945.7,-80.0,180.0,0.0,90.0,1,-1707.3,395.7,90.0,250.1,705.3,85.1,180.0,0.4,-21.5,0.753,0.586
108,B,B,WORK,,-1705.0,1348.0,-80.0,180.0,0.0,90.0,2,-1705.0,798.0,90.0,-292.9,693.8,85.1,180.0,0.4,23.5,0.758,0.59
109,B,B,WORK,,-1706.9,1747.0,-80.0,180.0,0.0,90.0,2,-1706.9,1197.0,90.0,-8.8,674.2,85.1,180.0,0.4,3.5,0.68,0.524
110,B,B,WORK,,-1710.0,2145.9,-80.0,180.0,0.0,90.0,2,-1710.0,1595.9,90.0,276.8,695.9,85.1,180.0,0.4,-16.5,0.754,0.588
111,B,B,WORK,,-1708.2,2545.8,-80.0,180.0,0.0,90.0,2,-1708.2,1995.8,90.0,578.4,750.1,85.1,180.0,0.4,-36.5,0.951,0.764
112,B,B,WORK,,-1710.2,2945.1,-80.0,180.0,0.0,90.0,2,-1710.2,2395.1,90.0,938.1,789.1,85.1,180.0,0.4,-46.5,1.229,1.026
113,C,C,WORK,,1676.8,1840.4,-80.0,180.0,0.0,-90.0,3,1676.8,2390.4,-90.0,-936.6,770.6,85.1,180.0,0.4,53.5,1.216,1.014
114,C,C,WORK,,1680.4,1441.7,-80.0,180.0,0.0,-90.0,3,1680.4,1991.7,-90.0,-580.5,729.0,85.1,180.0,0.4,43.5,0.936,0.751
115,C,C,WORK,,1683.0,1042.9,-80.0,180.0,0.0,-90.0,3,1683.0,1592.9,-90.0,-284.1,671.7,85.1,180.0,0.4,23.5,0.734,0.57
116,C,C,WORK,,1686.9,644.7,-80.0,180.0,0.0,-90.0,3,1686.9,1194.7,-90.0,-0.7,654.0,85.1,180.0,0.4,3.5,0.66,0.508
117,C,C,WORK,,1691.6,245.3,-80.0,180.0,0.0,-90.0,3,1691.6,795.3,-90.0,258.9,689.5,85.1,180.0,0.4,-21.5,0.741,0.576
118,C,C,WORK,,1692.9,-154.3,-80.0,180.0,0.0,-90.0,4,1692.9,395.7,-90.0,-286.8,681.7,85.1,180.0,0.4,23.5,0.744,0.578
119,C,C,WORK,,1695.9,-550.1,-80.0,180.0,0.0,-90.0,4,1695.9,-0.1,-90.0,-5.8,663.1,85.1,180.0,0.4,3.5,0.669,0.515
120,C,C,WORK,,1698.8,-951.1,-80.0,180.0,0.0,-90.0,4,1698.8,-401.1,-90.0,255.4,696.7,85.1,180.0,0.4,-21.5,0.747,0.58
121,C,C,WORK,,1691.7,-1352.5,-80.0,180.0,0.0,-90.0,5,1691.7,-802.5,-90.0,-288.6,680.5,85.1,180.0,0.4,23.5,0.744,0.578
122,C,C,WORK,,1692.3,-1751.5,-80.0,180.0,0.0,-90.0,5,1692.3,-1201.5,-90.0,-4.5,659.5,85.1,180.0,0.4,3.5,0.665,0.512
123,C,C,WORK,,1693.9,-2150.1,-80.0,180.0,0.0,-90.0,5,1693.9,-1600.1,-90.0,254.3,691.9,85.1,180.0,0.4,-21.5,0.742,0.576
124,C,C,WORK,,1697.1,-2548.1,-80.0,180.0,0.0,-90.0,5,1697.1,-1998.1,-90.0,580.6,738.9,85.1,180.0,0.4,-36.5,0.944,0.757
125,C,C,WORK,,1698.6,-2950.5,-80.0,180.0,0.0,-90.0,5,1698.6,-2400.5,-90.0,943.3,777.4,85.1,180.0,0.4,-46.5,1.225,1.023
126,D,D,WORK,,2180.0,-1850.0,-80.0,180.0,0.0,90.0,0,2180.0,-2400.0,90.0,-945.6,813.9,85.1,180.0,0.4,53.5,1.251,1.048
127,D,D,WORK,,2180.0,-1450.0,-80.0,180.0,0.0,90.0,0,2180.0,-2000.0,90.0,-612.0,751.8,85.1,180.0,0.4,38.5,0.973,0.784
128,D,D,WORK,,2180.0,-1050.0,-80.0,180.0,0.0,90.0,0,2180.0,-1600.0,90.0,-290.7,708.8,85.1,180.0,0.4,23.5,0.771,0.601
129,D,D,WORK,,2180.0,-650.0,-80.0,180.0,0.0,90.0,0,2180.0,-1200.0,90.0,-5.6,687.2,85.1,180.0,0.4,3.5,0.692,0.535
130,D,D,WORK,,2180.0,-250.0,-80.0,180.0,0.0,90.0,0,2180.0,-800.0,90.0,281.0,705.9,85.1,180.0,0.4,-16.5,0.765,0.597
131,D,D,WORK,,2180.0,150.0,-80.0,180.0,0.0,90.0,1,2180.0,-400.0,90.0,-290.7,708.8,85.1,180.0,0.4,23.5,0.771,0.601
132,D,D,WORK,,2180.0,550.0,-80.0,180.0,0.0,90.0,1,2180.0,0.0,90.0,-5.6,687.2,85.1,180.0,0.4,3.5,0.692,0.535
133,D,D,WORK,,2180.0,950.0,-80.0,180.0,0.0,90.0,1,2180.0,400.0,90.0,281.0,705.9,85.1,180.0,0.4,-16.5,0.765,0.597
134,D,D,WORK,,2180.0,1350.0,-80.0,180.0,0.0,90.0,2,2180.0,800.0,90.0,-290.7,708.8,85.1,180.0,0.4,23.5,0.771,0.601
135,D,D,WORK,,2180.0,1750.0,-80.0,180.0,0.0,90.0,2,2180.0,1200.0,90.0,-5.6,687.2,85.1,180.0,0.4,3.5,0.692,0.535
136,D,D,WORK,,2180.0,2150.0,-80.0,180.0,0.0,90.0,2,2180.0,1600.0,90.0,281.0,705.9,85.1,180.0,0.4,-16.5,0.765,0.597
137,D,D,WORK,,2180.0,2550.0,-80.0,180.0,0.0,90.0,2,2180.0,2000.0,90.0,582.8,761.8,85.1,180.0,0.4,-36.5,0.963,0.775
138,E,E,WORK,,5600.0,1850.0,-80.0,180.0,0.0,-90.0,3,5600.0,2400.0,-90.0,-945.9,793.9,85.1,180.0,0.4,53.5,1.238,1.035
139,E,E,WORK,,5600.0,1450.0,-80.0,180.0,0.0,-90.0,3,5600.0,2000.0,-90.0,-612.3,731.8,85.1,180.0,0.4,38.5,0.958,0.77
140,E,E,WORK,,5600.0,1050.0,-80.0,180.0,0.0,-90.0,3,5600.0,1600.0,-90.0,-291.0,688.8,85.1,180.0,0.4,23.5,0.753,0.585
141,E,E,WORK,,5600.0,650.0,-80.0,180.0,0.0,-90.0,3,5600.0,1200.0,-90.0,-5.8,667.2,85.1,180.0,0.4,3.5,0.673,0.518
142,E,E,WORK,,5600.0,250.0,-80.0,180.0,0.0,-90.0,3,5600.0,800.0,-90.0,254.3,698.0,85.1,180.0,0.4,-21.5,0.748,0.581
143,E,E,WORK,,5600.0,-150.0,-80.0,180.0,0.0,-90.0,4,5600.0,400.0,-90.0,-291.0,688.8,85.1,180.0,0.4,23.5,0.753,0.585
144,E,E,WORK,,5600.0,-550.0,-80.0,180.0,0.0,-90.0,4,5600.0,0.0,-90.0,-5.8,667.2,85.1,180.0,0.4,3.5,0.673,0.518
145,E,E,WORK,,5600.0,-950.0,-80.0,180.0,0.0,-90.0,4,5600.0,-400.0,-90.0,254.3,698.0,85.1,180.0,0.4,-21.5,0.748,0.581
146,E,E,WORK,,5600.0,-1350.0,-80.0,180.0,0.0,-90.0,5,5600.0,-800.0,-90.0,-291.0,688.8,85.1,180.0,0.4,23.5,0.753,0.585
147,E,E,WORK,,5600.0,-1750.0,-80.0,180.0,0.0,-90.0,5,5600.0,-1200.0,-90.0,-5.8,667.2,85.1,180.0,0.4,3.5,0.673,0.518
148,E,E,WORK,,5600.0,-2150.0,-80.0,180.0,0.0,-90.0,5,5600.0,-1600.0,-90.0,254.3,698.0,85.1,180.0,0.4,-21.5,0.748,0.581
149,E,E,WORK,,5600.0,-2550.0,-80.0,180.0,0.0,-90.0,5,5600.0,-2000.0,-90.0,582.5,741.8,85.1,180.0,0.4,-36.5,0.947,0.76
150,E,E,WORK,,5600.0,-2950.0,-80.0,180.0,0.0,-90.0,5,5600.0,-2400.0,-90.0,942.8,778.8,85.1,180.0,0.4,-46.5,1.226,1.024
400,A,A,MOVE,,-660.0,3020.0,-80.0,180.0,0.0,0.0,,,,,,,,,,,,
401,A,A,MOVE,,-160.0,3020.0,-80.0,180.0,0.0,0.0,,,,,,,,,,,,
402,A,A,MOVE,,340.0,3020.0,-80.0,180.0,0.0,0.0,,,,,,,,,,,,
403,A,A,MOVE,,840.0,3020.0,-80.0,180.0,0.0,0.0,,,,,,,,,,,,
404,A,A,MOVE,,1340.0,3020.0,-80.0,180.0,0.0,0.0,,,,,,,,,,,,
405,A,A,MOVE,,1840.0,3020.0,-80.0,180.0,0.0,0.0,,,,,,,,,,,,
406,A,A,MOVE,,3230.0,3020.0,-80.0,180.0,0.0,0.0,,,,,,,,,,,,
407,A,A,MOVE,,3730.0,3020.0,-80.0,180.0,0.0,0.0,,,,,,,,,,,,
408,A,A,MOVE,,4230.0,3020.0,-80.0,180.0,0.0,0.0,,,,,,,,,,,,
409,A,A,MOVE,,4730.0,3020.0,-80.0,180.0,0.0,0.0,,,,,,,,,,,,
410,A,A,MOVE,,5230.0,3020.0,-80.0,180.0,0.0,0.0,,,,,,,,,,,,
411,A,A,MOVE,,5730.0,3020.0,-80.0,180.0,0.0,0.0,,,,,,,,,,,,
500,DOCK,A,DOCK,,-1362.3,3020.0,-80.0,180.0,0.0,0.0,,,,,,,,,,,,
501,A,B,PIVOT,Entry_B,-1160.0,3020.0,-80.0,180.0,0.0,0.0,,,,,,,,,,,,
502,A,C,PIVOT,Entry_C,2260.0,3020.0,-80.0,180.0,0.0,0.0,,,,,,,,,,,,
503,A,D,PIVOT,Entry_D,2760.0,3020.0,-80.0,180.0,0.0,0.0,,,,,,,,,,,,
504,A,E,PIVOT,Entry_E,6150.0,3020.0,-80.0,180.0,0.0,0.0,,,,,,,,,,,,
505,B,B,PIVOT,Exit_B,-1710.0,3580.0,-80.0,180.0,0.0,90.0,,,,,,,,,,,,
506,C,C,PIVOT,Exit_C,1710.0,2490.0,-80.0,180.0,0.0,-90.0,,,,,,,,,,,,
507,D,D,PIVOT,Exit_D,2180.0,3590.0,-80.0,180.0,0.0,90.0,,,,,,,,,,,,
508,E,E,PIVOT,Exit_E,5600.0,2470.0,-80.0,180.0,0.0,-90.0,,,,,,,,,,,,
