tag_id,zone,type,name,tag_x_m,tag_y_m,tag_yaw_deg,lane_heading_deg,laying_delta_deg,base_x_m,base_y_m,base_yaw_deg
112,B,WORK,,-1.7100,2.9500,,90,0.00,-1.7100,2.4000,90.00
111,B,WORK,,-1.7100,2.5500,,90,0.00,-1.7100,2.0000,90.00
110,B,WORK,,-1.7100,2.1500,,90,0.00,-1.7100,1.6000,90.00
109,B,WORK,,-1.7100,1.7500,,90,0.00,-1.7100,1.2000,90.00
108,B,WORK,,-1.7100,1.3500,,90,0.00,-1.7100,0.8000,90.00
107,B,WORK,,-1.7100,0.9500,,90,0.00,-1.7100,0.4000,90.00
106,B,WORK,,-1.7100,0.5500,,90,0.00,-1.7100,0.0000,90.00
105,B,WORK,,-1.7100,0.1500,,90,0.00,-1.7100,-0.4000,90.00
104,B,WORK,,-1.7100,-0.2500,,90,0.00,-1.7100,-0.8000,90.00
103,B,WORK,,-1.7100,-0.6500,,90,0.00,-1.7100,-1.2000,90.00
102,B,WORK,,-1.7100,-1.0500,,90,0.00,-1.7100,-1.6000,90.00
101,B,WORK,,-1.7100,-1.4500,,90,0.00,-1.7100,-2.0000,90.00
100,B,WORK,,-1.7100,-1.8500,,90,0.00,-1.7100,-2.4000,90.00
113,C,WORK,,1.7100,1.8500,,-90,0.00,1.7100,2.4000,-90.00
114,C,WORK,,1.7100,1.4500,,-90,0.00,1.7100,2.0000,-90.00
115,C,WORK,,1.7100,1.0500,,-90,0.00,1.7100,1.6000,-90.00
116,C,WORK,,1.7100,0.6500,,-90,0.00,1.7100,1.2000,-90.00
117,C,WORK,,1.7100,0.2500,,-90,0.00,1.7100,0.8000,-90.00
118,C,WORK,,1.7100,-0.1500,,-90,0.00,1.7100,0.4000,-90.00
119,C,WORK,,1.7100,-0.5500,,-90,0.00,1.7100,0.0000,-90.00
120,C,WORK,,1.7100,-0.9500,,-90,0.00,1.7100,-0.4000,-90.00
121,C,WORK,,1.7100,-1.3500,,-90,0.00,1.7100,-0.8000,-90.00
122,C,WORK,,1.7100,-1.7500,,-90,0.00,1.7100,-1.2000,-90.00
123,C,WORK,,1.7100,-2.1500,,-90,0.00,1.7100,-1.6000,-90.00
124,C,WORK,,1.7100,-2.5500,,-90,0.00,1.7100,-2.0000,-90.00
125,C,WORK,,1.7100,-2.9500,,-90,0.00,1.7100,-2.4000,-90.00
