tag_id,zone,idle_base_x_m,idle_base_y_m,idle_base_yaw_deg,actual_base_x_m,actual_base_y_m,actual_base_yaw_deg,d_world_x_mm,d_world_y_mm,d_yaw_deg,d_body_fwd_mm,d_body_left_mm,used_by_task_csv
112,B,-1.7100,2.4000,90.00,-1.7154,2.3950,89.59,-5.4,-5.0,-0.41,-5.0,+5.4,
111,B,-1.7100,2.0000,90.00,-1.7129,1.9947,89.60,-2.9,-5.3,-0.40,-5.3,+2.9,
110,B,-1.7100,1.6000,90.00,-1.7133,1.5945,89.75,-3.3,-5.5,-0.25,-5.5,+3.3,
109,B,-1.7100,1.2000,90.00,-1.7087,1.1962,89.84,+1.3,-3.8,-0.16,-3.8,-1.3,
108,B,-1.7100,0.8000,90.00,-1.7023,0.7973,90.21,+7.7,-2.7,+0.21,-2.7,-7.7,
107,B,-1.7100,0.4000,90.00,-1.7075,0.3974,89.87,+2.5,-2.6,-0.13,-2.6,-2.5,yes
106,B,-1.7100,0.0000,90.00,-1.7042,-0.0008,89.82,+5.8,-0.8,-0.18,-0.8,-5.8,yes
105,B,-1.7100,-0.4000,90.00,-1.7028,-0.4011,89.86,+7.2,-1.1,-0.14,-1.1,-7.2,yes
104,B,-1.7100,-0.8000,90.00,-1.7016,-0.8030,90.16,+8.4,-3.0,+0.16,-3.0,-8.4,
103,B,-1.7100,-1.2000,90.00,-1.7055,-1.2013,89.53,+4.5,-1.3,-0.47,-1.3,-4.5,
102,B,-1.7100,-1.6000,90.00,-1.7046,-1.6002,89.70,+5.4,-0.2,-0.30,-0.2,-5.4,
101,B,-1.7100,-2.0000,90.00,-1.7067,-2.0001,89.65,+3.3,-0.1,-0.35,-0.1,-3.3,
100,B,-1.7100,-2.4000,90.00,-1.7054,-2.3975,89.77,+4.6,+2.5,-0.23,+2.5,-4.6,
113,C,1.7100,2.4000,-90.00,1.6795,2.3910,-90.26,-30.5,-9.0,-0.26,+9.0,-30.5,
114,C,1.7100,2.0000,-90.00,1.6801,1.9925,-90.00,-29.9,-7.5,+0.00,+7.5,-29.9,
115,C,1.7100,1.6000,-90.00,1.6821,1.5936,-89.84,-27.9,-6.4,+0.16,+6.4,-27.9,
116,C,1.7100,1.2000,-90.00,1.6940,1.1958,-90.77,-16.0,-4.2,-0.77,+4.2,-16.0,
117,C,1.7100,0.8000,-90.00,1.6898,0.7950,-89.90,-20.2,-5.0,+0.10,+5.0,-20.2,
118,C,1.7100,0.4000,-90.00,1.6896,0.3963,-90.00,-20.4,-3.7,+0.00,+3.7,-20.4,yes
119,C,1.7100,0.0000,-90.00,1.6922,0.0004,-89.93,-17.8,+0.4,+0.07,-0.4,-17.8,yes
120,C,1.7100,-0.4000,-90.00,1.6989,-0.4017,-90.30,-11.1,-1.7,-0.30,+1.7,-11.1,yes
121,C,1.7100,-0.8000,-90.00,1.6922,-0.8057,-90.07,-17.8,-5.7,-0.07,+5.7,-17.8,
122,C,1.7100,-1.2000,-90.00,1.6988,-1.2038,-90.73,-11.2,-3.8,-0.73,+3.8,-11.2,
123,C,1.7100,-1.6000,-90.00,1.6922,-1.6028,-89.95,-17.8,-2.8,+0.05,+2.8,-17.8,
124,C,1.7100,-2.0000,-90.00,1.6979,-2.0017,-90.46,-12.1,-1.7,-0.46,+1.7,-12.1,
125,C,1.7100,-2.4000,-90.00,1.6975,-2.4031,-90.28,-12.5,-3.1,-0.28,+3.1,-12.5,
