group_id,point_id,robot_x,robot_y,robot_theta,tcp_x_mm,tcp_y_mm,tcp_z_mm,tcp_rx_deg,tcp_ry_deg,tcp_rz_deg,world_x,world_y,world_z
105,1,-2.0,0.394193,89.7905,-205.9213,1585.9404,-356.1339,-179.788,-2.1817,-0.0082,1.188583432,2.20631277,0.598121781
105,2,-2.0,0.394193,89.7905,-205.9369,1555.5308,-356.4447,-179.7295,-2.1811,-0.0106,1.158377184,2.206316193,0.598003436
105,3,-2.0,0.394193,89.7905,-205.9291,1525.3082,-356.5336,-179.655,-2.1835,-0.0134,1.128170937,2.206319616,0.597884825
105,4,-2.0,0.394193,89.7905,-205.9529,1494.5891,-356.7932,-179.3952,-2.1931,-0.0241,1.097443633,2.206346052,0.59764779
105,5,-2.0,0.394193,89.7905,-205.9523,1464.3549,-357.0759,-179.3009,-2.1974,-0.0279,1.067187289,2.206356762,0.597317091
105,6,-2.0,0.394193,89.7905,-205.9981,1433.688,-357.4863,-179.0555,-2.2142,-0.0359,1.03650357,2.206399154,0.596907127
105,7,-2.0,0.394193,89.7905,-206.035,1403.449,-357.921,-178.9423,-2.2171,-0.0402,1.006210304,2.206417319,0.59638288
105,8,-2.0,0.394193,89.7905,-206.0441,1372.8616,-358.5197,-178.7286,-2.2352,-0.0498,0.975612867,2.20646403,0.595796352
105,9,-2.0,0.394193,89.7905,-206.0639,1342.4153,-359.2257,-178.5562,-2.249,-0.0598,0.945143686,2.206502,0.595060972
105,10,-2.0,0.394193,89.7905,-206.1079,1311.8939,-360.0134,-178.3575,-2.2674,-0.0655,0.914597059,2.206551107,0.594268508
105,11,-2.0,0.394193,89.7905,-206.1695,1281.2556,-360.9867,-178.119,-2.2902,-0.0749,0.883947224,2.206612915,0.593299396
105,12,-2.0,0.394193,89.7905,-206.262,1250.7285,-361.9677,-177.8934,-2.3087,-0.0834,0.853343778,2.206672487,0.592257423
105,13,-2.0,0.394193,89.7905,-206.3282,1219.978,-363.1902,-177.6051,-2.3379,-0.0971,0.822563003,2.206752963,0.591021756
105,14,-2.0,0.394193,89.7905,-206.3794,1189.2854,-364.5218,-177.3278,-2.3665,-0.1097,0.791823573,2.206829958,0.589667807
105,15,-2.0,0.394193,89.7905,-206.4488,1158.4098,-366.064,-176.9793,-2.4002,-0.1274,0.760890462,2.206927213,0.5881164
105,16,-2.0,0.394193,89.7905,-206.573,1127.6062,-367.7431,-176.6302,-2.4314,-0.1427,0.729981501,2.207023179,0.586362964
105,17,-2.0,0.394193,89.7905,-206.6999,1097.0314,-369.6567,-176.41,-2.4859,-0.1561,0.699418974,2.207174299,0.584461189
105,18,-2.0,0.394193,89.7905,-206.7248,1093.6748,-369.8542,-176.3941,-2.4927,-0.1584,0.695933848,2.207196875,0.584239313
105,19,-2.0,0.394193,89.7905,-176.7277,1094.6324,-368.4929,-176.3973,-2.4913,-0.1517,0.696921811,2.177196875,0.585611882
105,20,-2.0,0.394193,89.7905,-176.5725,1125.2687,-366.7879,-176.695,-2.424,-0.1387,0.727655167,2.177009543,0.587484267
105,21,-2.0,0.394193,89.7905,-176.4283,1156.4944,-364.9521,-177.1704,-2.3799,-0.1179,0.758934035,2.176881589,0.589288306
105,22,-2.0,0.394193,89.7905,-176.3951,1186.9745,-363.4854,-177.3729,-2.3574,-0.1071,0.789459815,2.176820065,0.590781575
105,23,-2.0,0.394193,89.7905,-176.3082,1217.8999,-362.1046,-177.7321,-2.3232,-0.0916,0.820434561,2.176723114,0.592171397
105,24,-2.0,0.394193,89.7905,-176.2601,1248.4355,-360.8894,-177.9289,-2.3027,-0.082,0.850968229,2.176664077,0.593366462
105,25,-2.0,0.394193,89.7905,-176.193,1279.1027,-359.8682,-178.2008,-2.2776,-0.0707,0.881700009,2.176594999,0.594434604
105,26,-2.0,0.394193,89.7905,-176.1501,1309.6562,-358.9014,-178.3994,-2.258,-0.062,0.912247816,2.176540702,0.595376227
105,27,-2.0,0.394193,89.7905,-176.1003,1340.1887,-358.1144,-178.6085,-2.2409,-0.0532,0.942821883,2.176491903,0.596188032
105,28,-2.0,0.394193,89.7905,-176.0433,1370.7026,-357.4,-178.8024,-2.2248,-0.0461,0.973353551,2.176447287,0.596906599
105,29,-2.0,0.394193,89.7905,-176.0108,1401.1393,-356.8481,-178.9808,-2.2125,-0.0389,1.003840204,2.176412187,0.597506885
105,30,-2.0,0.394193,89.7905,-175.9996,1431.6558,-356.2758,-179.1541,-2.201,-0.0298,1.034331136,2.176380213,0.598023515
105,31,-2.0,0.394193,89.7905,-175.9706,1462.0428,-355.9334,-179.3223,-2.191,-0.0247,1.064784007,2.176354649,0.598442585
105,32,-2.0,0.394193,89.7905,-175.9303,1492.5327,-355.5528,-179.4835,-2.1859,-0.019,1.095246091,2.176335881,0.598771438
105,33,-2.0,0.394193,89.7905,-175.9231,1522.9752,-355.3606,-179.6641,-2.1789,-0.0114,1.125739452,2.176319239,0.599018695
105,34,-2.0,0.394193,89.7905,-175.9074,1553.2808,-355.2718,-179.7796,-2.18,-0.0074,1.156058795,2.176313941,0.599137893
105,35,-2.0,0.394193,89.7905,-175.8956,1583.7874,-355.0809,-179.9358,-2.1753,-0.0007,1.186513463,2.17630553,0.599253484
105,36,-2.0,0.394193,89.7905,-145.8542,1584.2882,-354.0184,-179.9844,-2.1751,0.0053,1.187107091,2.146303218,0.600394301
105,37,-2.0,0.394193,89.7905,-145.9449,1553.951,-354.1497,-179.8772,-2.1742,-0.0049,1.15681258,2.146308828,0.600281229
105,38,-2.0,0.394193,89.7905,-145.9188,1523.4971,-354.2527,-179.7152,-2.1821,-0.0104,1.126358438,2.146316805,0.600164814
105,39,-2.0,0.394193,89.7905,-145.9571,1493.0236,-354.4708,-179.5436,-2.183,-0.0172,1.095881521,2.146329538,0.599920283
105,40,-2.0,0.394193,89.7905,-145.95,1462.667,-354.7783,-179.4222,-2.1895,-0.0225,1.065539956,2.14634287,0.599602992
105,41,-2.0,0.394193,89.7905,-145.9798,1432.0881,-355.1769,-179.1922,-2.2012,-0.0319,1.034906847,2.146373177,0.599183024
105,42,-2.0,0.394193,89.7905,-146.0008,1401.7876,-355.6564,-179.0841,-2.2074,-0.0357,1.004610434,2.146393573,0.598681243
105,43,-2.0,0.394193,89.7905,-146.0469,1371.1564,-356.199,-178.8232,-2.2247,-0.0468,0.973902458,2.14644065,0.598081589
105,44,-2.0,0.394193,89.7905,-146.0761,1340.8579,-356.8984,-178.7122,-2.2343,-0.0502,0.943598813,2.146467473,0.597378678
105,45,-2.0,0.394193,89.7905,-146.1346,1310.0978,-357.6654,-178.4128,-2.2581,-0.0639,0.912782283,2.146534414,0.596571968
105,46,-2.0,0.394193,89.7905,-146.1698,1279.7686,-358.6161,-178.2983,-2.2691,-0.0676,0.882466733,2.146567215,0.595644474
105,47,-2.0,0.394193,89.7905,-145.3591,1248.6201,-359.6231,-177.8546,-1.9721,-0.0745,0.851247442,2.145744003,0.594613588
105,48,-2.0,0.394193,89.7905,-143.4207,1217.8431,-360.7877,-177.5381,-1.2063,-0.0502,0.820391547,2.143611175,0.593407099
105,49,-2.0,0.394193,89.7905,-142.6912,1186.5104,-362.2932,-177.0353,-0.9439,-0.0496,0.789015139,2.142874874,0.591923526
105,50,-2.0,0.394193,89.7905,-142.8248,1156.1149,-363.8787,-176.8546,-0.9867,-0.0533,0.758558214,2.142989774,0.590297954
105,51,-2.0,0.394193,89.7905,-143.1555,1125.0277,-365.691,-176.4022,-1.1123,-0.0701,0.727365431,2.143342452,0.588416134
105,52,-2.0,0.394193,89.7905,-143.3197,1095.2858,-367.5904,-176.282,-1.1767,-0.0772,0.697609035,2.143521877,0.586467968
105,53,-2.0,0.394193,89.7905,-113.341,1096.3235,-366.9753,-176.2892,-1.1742,-0.07,0.698620799,2.113521877,0.58715257
105,54,-2.0,0.394193,89.7905,-113.0654,1126.9045,-365.0963,-176.5352,-1.0654,-0.0649,0.729221509,2.113217849,0.589127335
105,55,-2.0,0.394193,89.7905,-112.845,1157.7928,-363.3354,-176.8997,-0.9751,-0.0527,0.760185606,2.112967496,0.590912348
105,56,-2.0,0.394193,89.7905,-112.649,1188.5557,-361.7503,-177.2112,-0.9034,-0.0442,0.791010416,2.112765971,0.59252764
105,57,-2.0,0.394193,89.7905,-112.4678,1219.3311,-360.3414,-177.518,-0.8332,-0.0366,0.821833713,2.112569985,0.593940129
105,58,-2.0,0.394193,89.7905,-112.3274,1250.0049,-359.0161,-177.7609,-0.782,-0.0302,0.852498729,2.112423048,0.595238994
105,59,-2.0,0.394193,89.7905,-112.1933,1280.6616,-357.9539,-178.0307,-0.7271,-0.0244,0.883226989,2.112270003,0.596345023
105,60,-2.0,0.394193,89.7905,-112.1084,1311.1743,-356.8807,-178.2075,-0.6942,-0.0211,0.913713866,2.112177533,0.59737265
105,61,-2.0,0.394193,89.7905,-111.9766,1341.848,-356.0792,-178.4781,-0.6475,-0.0165,0.944452005,2.112045541,0.598224285
105,62,-2.0,0.394193,89.7905,-111.9287,1372.1603,-355.3113,-178.5976,-0.6289,-0.0153,0.974775631,2.111995815,0.599007492
105,63,-2.0,0.394193,89.7905,-111.8321,1402.8781,-354.6865,-178.8815,-0.5882,-0.0112,1.005560712,2.11188233,0.599645658
105,64,-2.0,0.394193,89.7905,-111.7851,1433.2098,-354.0786,-178.9781,-0.5776,-0.0105,1.035837415,2.111850728,0.600206334
105,65,-2.0,0.394193,89.7905,-111.7192,1463.8751,-353.6916,-179.252,-0.5485,-0.0073,1.066589384,2.11177016,0.600656112
105,66,-2.0,0.394193,89.7905,-111.6988,1494.121,-353.3478,-179.3418,-0.544,-0.0055,1.096837745,2.111751887,0.601011066
105,67,-2.0,0.394193,89.7905,-111.6676,1524.8494,-353.1395,-179.633,-0.5233,-0.003,1.127638446,2.111702856,0.601274274
105,68,-2.0,0.394193,89.7905,-111.645,1555.1147,-352.9409,-179.6998,-0.5218,-0.003,1.157841841,2.111696893,0.601401866
105,69,-2.0,0.394193,89.7905,-111.6213,1585.3195,-352.8237,-179.7721,-0.5215,-0.0028,1.188045237,2.111690929,0.601529199
105,70,-2.0,0.394193,89.7905,-81.591,1581.9971,-352.6723,-179.907,-0.5195,0.0069,1.184848264,2.081680363,0.601788935
105,71,-2.0,0.394193,89.7905,-81.6261,1551.5856,-352.6927,-179.7337,-0.522,-0.0012,1.154385678,2.081693809,0.601664491
105,72,-2.0,0.394193,89.7905,-81.6276,1521.241,-352.8549,-179.6279,-0.5245,-0.0028,1.12408116,2.081702733,0.601536327
105,73,-2.0,0.394193,89.7905,-81.6414,1490.6196,-353.1375,-179.4087,-0.5383,-0.0055,1.093463211,2.08173893,0.601260756
105,74,-2.0,0.394193,89.7905,-81.6837,1460.2598,-353.4301,-179.2562,-0.5482,-0.0059,1.063050167,2.081768538,0.600905992
105,75,-2.0,0.394193,89.7905,-81.7373,1429.7233,-353.9224,-179.0707,-0.5639,-0.0099,1.032528708,2.081822001,0.600449331
105,76,-2.0,0.394193,89.7905,-81.7647,1399.3079,-354.3943,-178.8901,-0.5905,-0.0113,1.002041304,2.081877611,0.599895266
105,77,-2.0,0.394193,89.7905,-81.8577,1368.7876,-355.0364,-178.7011,-0.6115,-0.0143,0.971521289,2.081949066,0.5992469
105,78,-2.0,0.394193,89.7905,-81.9514,1338.2324,-355.808,-178.4974,-0.6454,-0.0158,0.940955725,2.082035781,0.598482361
105,79,-2.0,0.394193,89.7905,-82.0377,1307.6815,-356.6866,-178.2932,-0.6801,-0.0193,0.910394546,2.082132168,0.597614366
105,80,-2.0,0.394193,89.7905,-82.1314,1277.1333,-357.5926,-178.0537,-0.7234,-0.0246,0.879755634,2.08225341,0.596621272
105,81,-2.0,0.394193,89.7905,-82.2683,1246.475,-358.7526,-177.8182,-0.7693,-0.0291,0.849109261,2.0823857,0.595495484
105,82,-2.0,0.394193,89.7905,-82.3988,1215.7885,-359.9714,-177.5447,-0.8273,-0.0367,0.818376274,2.082547703,0.59424471
105,83,-2.0,0.394193,89.7905,-82.5852,1185.0919,-361.3782,-177.2618,-0.8903,-0.043,0.787618989,2.082725076,0.592811186
105,84,-2.0,0.394193,89.7905,-82.8261,1154.1957,-362.8954,-176.9025,-0.973,-0.0515,0.756661375,2.082957969,0.591251822
105,85,-2.0,0.394193,89.7905,-83.0125,1123.4368,-364.7021,-176.6016,-1.0481,-0.0619,0.725865837,2.083165259,0.589451014
105,86,-2.0,0.394193,89.7905,-83.3486,1097.2849,-366.2621,-176.2838,-1.1746,-0.0765,0.699632563,2.083521877,0.587837172
105,87,-2.0,0.394193,89.7905,-49.9424,1098.6146,-365.9491,-176.3931,0.166,0.0173,0.700938161,2.049798229,0.588189327
105,88,-2.0,0.394193,89.7905,-49.6633,1128.7872,-364.0797,-176.4602,0.2457,0.0142,0.731054692,2.049559046,0.590102735
105,89,-2.0,0.394193,89.7905,-49.7694,1159.8616,-362.2862,-176.8994,0.2152,0.0133,0.762221145,2.049640809,0.591946762
105,90,-2.0,0.394193,89.7905,-51.3855,1190.6792,-360.6784,-177.2198,-0.4215,-0.0205,0.793077785,2.051414774,0.59354036
105,91,-2.0,0.394193,89.7905,-52.3582,1222.0056,-359.325,-177.7416,-0.7856,-0.0321,0.824505916,2.052434952,0.594913397
105,92,-2.0,0.394193,89.7905,-52.267,1252.3401,-358.153,-177.8866,-0.755,-0.028,0.854884017,2.052347813,0.59611357
105,93,-2.0,0.394193,89.7905,-52.1277,1283.2694,-357.043,-178.2185,-0.6901,-0.0204,0.885807248,2.052170678,0.597189104
105,94,-2.0,0.394193,89.7905,-52.0682,1313.561,-356.1568,-178.3596,-0.6648,-0.0178,0.916170025,2.052099859,0.59814055
105,95,-2.0,0.394193,89.7905,-51.9428,1344.2834,-355.3709,-178.6503,-0.6196,-0.0137,0.946962503,2.051975425,0.598969969
105,96,-2.0,0.394193,89.7905,-51.8798,1374.6346,-354.6499,-178.7778,-0.5989,-0.0128,0.977315292,2.051920236,0.59969825
105,97,-2.0,0.394193,89.7905,-51.7939,1405.3506,-353.9864,-179.0239,-0.5728,-0.009,1.008011222,2.051836684,0.600315719
105,98,-2.0,0.394193,89.7905,-51.7745,1435.6949,-353.4405,-179.1488,-0.5576,-0.0068,1.03835857,2.05179643,0.600839629
105,99,-2.0,0.394193,89.7905,-51.7246,1466.2472,-353.0757,-179.3709,-0.5373,-0.0051,1.068968851,2.051745781,0.601267125
105,100,-2.0,0.394193,89.7905,-51.6699,1496.6738,-352.7287,-179.5194,-0.5349,-0.0032,1.099387499,2.051718835,0.601601423
105,101,-2.0,0.394193,89.7905,-51.6597,1527.1359,-352.501,-179.7004,-0.5209,-0.0028,1.129885958,2.05169695,0.601838248
105,102,-2.0,0.394193,89.7905,-51.634,1557.5811,-352.3923,-179.8662,-0.518,-0.0014,1.160350726,2.051683403,0.601962237
105,103,-2.0,0.394193,89.7905,-51.6361,1587.9097,-352.3042,-179.9924,-0.5145,0.0008,1.190698554,2.051673338,0.602081147
105,104,-2.0,0.394193,89.7905,-21.5459,1580.1774,-352.098,-179.985,-0.5156,0.0033,1.183030552,2.021673831,0.602320686
105,105,-2.0,0.394193,89.7905,-21.622,1549.9332,-352.2039,-179.8986,-0.5148,-0.0005,1.152793998,2.021680678,0.602202062
105,106,-2.0,0.394193,89.7905,-21.6633,1519.6554,-352.3369,-179.8171,-0.5175,0.0008,1.122557444,2.021687525,0.602083087
105,107,-2.0,0.394193,89.7905,-19.2283,1488.3743,-352.599,-179.3197,0.4018,0.0044,1.091178762,2.019127502,0.601776391
105,108,-2.0,0.394193,89.7905,-18.1537,1458.0464,-352.973,-179.2032,0.8143,0.012,1.060853691,2.017968866,0.601399253
105,109,-2.0,0.394193,89.7905,-17.843,1427.2976,-353.4246,-178.9074,0.9189,0.015,1.030041907,2.01767939,0.600884767
105,110,-2.0,0.394193,89.7905,-17.9289,1397.014,-354.0077,-178.8071,0.9052,0.0192,0.99976329,2.01771576,0.600312947
105,111,-2.0,0.394193,89.7905,-18.059,1366.2308,-354.7331,-178.5254,0.854,0.0219,0.968975445,2.017855656,0.599609471
105,112,-2.0,0.394193,89.7905,-18.0961,1335.9303,-355.4662,-178.3963,0.8308,0.0226,0.938634261,2.017917568,0.598815542
105,113,-2.0,0.394193,89.7905,-18.2555,1305.2338,-356.3612,-178.12,0.7691,0.0248,0.907884529,2.018089247,0.597897691
105,114,-2.0,0.394193,89.7905,-18.3914,1274.809,-357.3471,-177.9433,0.7305,0.0272,0.877411812,2.018199221,0.596861154
105,115,-2.0,0.394193,89.7905,-18.541,1244.1433,-358.5762,-177.7147,0.6681,0.0267,0.84677991,2.018374902,0.595690099
105,116,-2.0,0.394193,89.7905,-18.7362,1213.4885,-359.8205,-177.4387,0.5935,0.026,0.816047665,2.018582585,0.594393951
105,117,-2.0,0.394193,89.7905,-18.948,1182.8997,-361.2822,-177.2073,0.5207,0.0256,0.785433528,2.018784396,0.59292066
105,118,-2.0,0.394193,89.7905,-19.2358,1151.9585,-362.7834,-176.8122,0.3996,0.021,0.754385836,2.019124429,0.591331019
105,119,-2.0,0.394193,89.7905,-19.4657,1121.4473,-364.6452,-176.611,0.3261,0.0199,0.723867171,2.019328599,0.589498041
105,120,-2.0,0.394193,89.7905,-19.8959,1099.6036,-365.953,-176.3908,0.1575,0.0104,0.701968631,2.019798229,0.588173504
105,121,-2.0,0.394193,89.7905,13.0432,1100.6859,-366.639,-176.3888,1.3254,0.0934,0.703003422,1.986558234,0.587519038
105,122,-2.0,0.394193,89.7905,13.4906,1131.1194,-364.7891,-176.5695,1.4813,0.0887,0.733432203,1.986116811,0.589418804
105,123,-2.0,0.394193,89.7905,13.8113,1161.8611,-363.0182,-176.8606,1.5886,0.0862,0.764197755,1.985813529,0.591196573
105,124,-2.0,0.394193,89.7905,13.9918,1192.4929,-361.3988,-177.1118,1.6719,0.0845,0.794861679,1.985582085,0.592807554
105,125,-2.0,0.394193,89.7905,14.2922,1223.2721,-359.9831,-177.4231,1.7733,0.0787,0.825694925,1.985300449,0.594237662
105,126,-2.0,0.394193,89.7905,14.3659,1253.6067,-358.7052,-177.5722,1.8139,0.0777,0.856080506,1.985186266,0.595553476
105,127,-2.0,0.394193,89.7905,13.4841,1284.8722,-357.5081,-178.0494,1.4566,0.0497,0.887394733,1.986175951,0.596748964
105,128,-2.0,0.394193,89.7905,12.165,1315.4519,-356.4902,-178.2886,0.9496,0.0283,0.918036407,1.987592239,0.597791624
105,129,-2.0,0.394193,89.7905,11.9256,1346.3293,-355.6646,-178.6252,0.8731,0.0235,0.94896405,1.987805978,0.598641452
105,130,-2.0,0.394193,89.7905,11.984,1376.5999,-354.9467,-178.7402,0.8954,0.022,0.979272184,1.987747134,0.599404748
105,131,-2.0,0.394193,89.7905,12.1179,1407.3035,-354.3134,-179.0054,0.9297,0.0164,1.010005867,1.987646714,0.600032675
105,132,-2.0,0.394193,89.7905,12.1408,1437.6992,-353.6901,-179.1187,0.9452,0.0165,1.040338135,1.987601528,0.600584815
105,133,-2.0,0.394193,89.7905,12.1809,1468.2482,-353.3495,-179.3595,0.9659,0.0132,1.070988721,1.987542215,0.601019503
105,134,-2.0,0.394193,89.7905,12.2698,1498.6497,-353.0129,-179.5073,0.9767,0.008,1.101402238,1.9875122,0.601372007
105,135,-2.0,0.394193,89.7905,12.2665,1529.1854,-352.7048,-179.6867,0.9848,0.0062,1.131913551,1.987487929,0.601607957
105,136,-2.0,0.394193,89.7905,12.27,1559.6289,-352.6187,-179.8598,0.9898,0.0043,1.162390571,1.987472618,0.601737369
105,137,-2.0,0.394193,89.7905,12.3166,1590.0159,-352.4564,-179.9902,0.994,0.0006,1.192763172,1.987460664,0.601863418
105,138,-2.0,0.394193,89.7905,45.3626,1567.2911,-353.5289,-179.765,2.1562,0.0095,1.170119191,1.954234581,0.600877988
105,139,-2.0,0.394193,89.7905,45.3107,1536.9812,-353.5997,-179.6463,2.1508,0.0144,1.139796045,1.954243759,0.600742416
105,140,-2.0,0.394193,89.7905,45.308,1506.5388,-353.8329,-179.498,2.1448,0.0192,1.109372207,1.954262014,0.600558305
105,141,-2.0,0.394193,89.7905,45.2648,1475.908,-354.2058,-179.2685,2.1299,0.0261,1.078734815,1.954305155,0.600186789
105,142,-2.0,0.394193,89.7905,45.2074,1445.5537,-354.5188,-179.1106,2.1166,0.0332,1.048307989,1.95433964,0.599790907
105,143,-2.0,0.394193,89.7905,45.1683,1415.0121,-355.0537,-178.8967,2.0906,0.0393,1.017724305,1.95441212,0.599214434
105,144,-2.0,0.394193,89.7905,45.055,1384.4796,-355.6973,-178.7231,2.0706,0.0471,0.987233124,1.954472037,0.598617788
105,145,-2.0,0.394193,89.7905,45.0108,1354.0254,-356.4323,-178.5322,2.0356,0.0511,0.95671947,1.954564277,0.59782922
105,146,-2.0,0.394193,89.7905,44.878,1323.3757,-357.2739,-178.2977,1.9966,0.0591,0.92606709,1.954677171,0.597009943
105,147,-2.0,0.394193,89.7905,44.7928,1292.9349,-358.2943,-178.1365,1.958,0.0627,0.895629387,1.954782788,0.595993513
105,148,-2.0,0.394193,89.7905,44.6018,1262.1915,-359.3121,-177.8281,1.8876,0.0717,0.864796435,1.954975629,0.594927691
105,149,-2.0,0.394193,89.7905,44.5027,1231.8444,-360.5382,-177.6811,1.8456,0.0743,0.834418036,1.955092721,0.593665565
105,150,-2.0,0.394193,89.7905,44.5697,1200.7084,-361.9011,-177.2471,1.8883,0.0921,0.803235608,1.954973234,0.592295717
105,151,-2.0,0.394193,89.7905,46.0059,1170.1733,-363.5271,-177.0268,2.4503,0.1297,0.772669145,1.953407876,0.590647477
105,152,-2.0,0.394193,89.7905,46.0624,1138.828,-365.2582,-176.4778,2.4676,0.1534,0.741197122,1.953355414,0.588858058
105,153,-2.0,0.394193,89.7905,45.7595,1111.533,-366.9596,-176.4384,2.3403,0.1472,0.713909073,1.953702812,0.587152502
105,154,-2.0,0.394193,89.7905,79.1398,1120.8307,-368.2731,-176.17,3.6649,0.2523,0.723116161,1.920025672,0.58590316
105,155,-2.0,0.394193,89.7905,79.046,1152.2299,-366.4961,-176.7244,3.6035,0.206,0.754589073,1.920188517,0.587725641
105,156,-2.0,0.394193,89.7905,78.3412,1183.1018,-364.7748,-177.072,3.3306,0.1712,0.785505393,1.920951001,0.589465983
105,157,-2.0,0.394193,89.7905,77.6339,1213.9637,-363.0467,-177.4181,3.0586,0.1371,0.816422469,1.921713691,0.591196878
105,158,-2.0,0.394193,89.7905,77.2596,1244.538,-361.5153,-177.6384,2.9221,0.1207,0.847007058,1.922091941,0.592714479
105,159,-2.0,0.394193,89.7905,77.5291,1275.278,-360.3677,-177.9256,3.0173,0.1089,0.877781933,1.921827894,0.593884315
105,160,-2.0,0.394193,89.7905,77.6042,1305.4556,-359.345,-178.0167,3.0559,0.1059,0.908012204,1.921725674,0.594944153
105,161,-2.0,0.394193,89.7905,77.6595,1336.499,-358.3514,-178.411,3.0714,0.0854,0.939097536,1.92167725,0.595949225
105,162,-2.0,0.394193,89.7905,77.83,1366.8011,-357.5362,-178.5284,3.1256,0.08,0.969416492,1.921528177,0.596763733
105,163,-2.0,0.394193,89.7905,77.7461,1397.5768,-356.9388,-178.8086,3.1047,0.0669,1.000197291,1.921582734,0.597336432
105,164,-2.0,0.394193,89.7905,77.7975,1428.0725,-356.9723,-179.0022,3.0984,0.0532,1.030731768,1.921595886,0.597294892
105,165,-2.0,0.394193,89.7905,77.7415,1458.5911,-357.0656,-179.1947,3.0948,0.0453,1.061266297,1.921609039,0.597251562
105,166,-2.0,0.394193,89.7905,77.7647,1489.0863,-357.1328,-179.3873,3.0898,0.0325,1.091800871,1.921622194,0.597206442
105,167,-2.0,0.394193,89.7905,77.7362,1519.595,-357.193,-179.5785,3.0854,0.0241,1.122335479,1.921635349,0.597159532
105,168,-2.0,0.394193,89.7905,77.7088,1550.1222,-357.2315,-179.7703,3.0791,0.015,1.152870114,1.921648505,0.597110832
105,169,-2.0,0.394193,89.7905,77.7275,1580.6101,-357.3365,-179.9646,3.0755,0.0025,1.183404765,1.921661662,0.597060342
106,1,-2.4,0.39024,89.7068,-114.4156,1573.8612,-383.149,-179.9126,-5.4312,-0.0067,1.176603041,2.515375341,0.571166795
106,2,-2.4,0.39024,89.7068,-114.401,1543.4182,-383.1789,-179.7949,-5.4283,-0.0181,1.146260145,2.515363525,0.571166881
106,3,-2.4,0.39024,89.7068,-114.3969,1513.0557,-383.1773,-179.6724,-5.422,-0.0302,1.115917251,2.51535171,0.571166228
106,4,-2.4,0.39024,89.7068,-114.3829,1482.7711,-383.1175,-179.5416,-5.4167,-0.0426,1.085574362,2.515339895,0.571164835
106,5,-2.4,0.39024,89.7068,-114.3783,1452.399,-383.1464,-179.4215,-5.4125,-0.0537,1.05523148,2.515328079,0.571162704
106,6,-2.4,0.39024,89.7068,-114.3784,1422.0884,-383.1014,-179.2965,-5.4079,-0.0649,1.024888607,2.515316265,0.571159834
106,7,-2.4,0.39024,89.7068,-114.362,1391.7083,-383.1327,-179.1764,-5.404,-0.0762,0.994545745,2.51530445,0.571156224
106,8,-2.4,0.39024,89.7068,-114.3572,1361.4042,-383.1003,-179.0501,-5.3994,-0.0855,0.964202898,2.515292636,0.571151876
106,9,-2.4,0.39024,89.7068,-114.3515,1331.0891,-383.0787,-178.9242,-5.3944,-0.0997,0.933860067,2.515280823,0.571146789
106,10,-2.4,0.39024,89.7068,-114.33,1300.7382,-383.0767,-178.8021,-5.3895,-0.1115,0.903517255,2.51526901,0.571140964
106,11,-2.4,0.39024,89.7068,-114.3081,1270.376,-383.6162,-178.6613,-5.3864,-0.1248,0.873133729,2.515258769,0.570587879
106,12,-2.4,0.39024,89.7068,-114.1774,1239.8071,-384.3508,-178.4435,-5.3354,-0.1441,0.84254091,2.515118553,0.569838983
106,13,-2.4,0.39024,89.7068,-114.0402,1209.3715,-385.1535,-178.2656,-5.2813,-0.16,0.812063095,2.514969954,0.569001573
106,14,-2.4,0.39024,89.7068,-113.9182,1179.0083,-386.1174,-178.1253,-5.2344,-0.1712,0.781688934,2.514839714,0.56803465
106,15,-2.4,0.39024,89.7068,-113.8057,1148.6954,-387.1785,-178.0011,-5.1869,-0.1803,0.751363868,2.514709205,0.56695563
106,16,-2.4,0.39024,89.7068,-113.6089,1139.9308,-387.466,-178.0099,-5.1071,-0.177,0.742560684,2.51448922,0.566662449
106,17,-2.4,0.39024,89.7068,-82.6852,1140.399,-384.8472,-177.8396,-4.7266,-0.1689,0.742970671,2.483436453,0.569265658
106,18,-2.4,0.39024,89.7068,-82.7231,1170.3016,-383.7665,-177.7852,-4.7684,-0.1847,0.772789078,2.483539347,0.570392835
106,19,-2.4,0.39024,89.7068,-82.9859,1200.821,-382.6911,-178.0122,-4.8525,-0.1664,0.803382323,2.483777705,0.571529501
106,20,-2.4,0.39024,89.7068,-83.0402,1231.2155,-381.7358,-178.1434,-4.8814,-0.1576,0.833751379,2.483854162,0.572442606
106,21,-2.4,0.39024,89.7068,-83.3799,1262.0389,-380.9223,-178.4898,-5.0027,-0.1301,0.864686304,2.484192605,0.573307533
106,22,-2.4,0.39024,89.7068,-83.9831,1292.7162,-380.2943,-178.7453,-5.2463,-0.1144,0.895386255,2.484868204,0.573967159
106,23,-2.4,0.39024,89.7068,-84.6457,1323.5035,-379.6531,-179.0241,-5.5027,-0.0924,0.926171491,2.485573511,0.574542629
106,24,-2.4,0.39024,89.7068,-84.7318,1353.8138,-379.1814,-179.1469,-5.5292,-0.0816,0.956504597,2.485652087,0.575042152
106,25,-2.4,0.39024,89.7068,-84.7787,1384.0392,-378.7248,-179.2356,-5.5493,-0.0737,0.986745328,2.485707312,0.575521028
106,26,-2.4,0.39024,89.7068,-84.8348,1414.3922,-378.3839,-179.3762,-5.5735,-0.062,1.017128292,2.485773199,0.575870583
106,27,-2.4,0.39024,89.7068,-84.894,1444.6484,-378.0656,-179.4787,-5.5928,-0.0501,1.047409823,2.485824984,0.576226011
106,28,-2.4,0.39024,89.7068,-84.9072,1474.9366,-377.8341,-179.5751,-5.6035,-0.041,1.077676901,2.485855445,0.576445472
106,29,-2.4,0.39024,89.7068,-84.9382,1505.2975,-377.619,-179.711,-5.6183,-0.0288,1.108057028,2.485895392,0.576668194
106,30,-2.4,0.39024,89.7068,-84.9568,1535.4937,-377.5721,-179.7988,-5.6242,-0.0191,1.138290568,2.485911097,0.57677254
106,31,-2.4,0.39024,89.7068,-84.9565,1565.7682,-377.3944,-179.8607,-5.6277,-0.0137,1.168481897,2.485920695,0.576851021
106,32,-2.4,0.39024,89.7068,-53.6757,1571.8125,-374.5102,-179.8277,-5.1159,-0.0096,1.174610773,2.454517648,0.579877466
106,33,-2.4,0.39024,89.7068,-53.6061,1541.6274,-374.5072,-179.7625,-5.1201,-0.0216,1.144449091,2.454512598,0.579791224
106,34,-2.4,0.39024,89.7068,-53.6105,1511.4651,-374.5745,-179.7047,-5.1161,-0.027,1.114287409,2.454507549,0.579704818
106,35,-2.4,0.39024,89.7068,-53.5913,1480.873,-374.8795,-179.5059,-5.1025,-0.0434,1.083725765,2.454470945,0.579464595
106,36,-2.4,0.39024,89.7068,-53.5685,1450.7225,-375.0442,-179.4272,-5.0968,-0.0515,1.05352169,2.45445652,0.57922361
106,37,-2.4,0.39024,89.7068,-53.533,1420.1873,-375.4244,-179.2393,-5.0761,-0.0673,1.022996498,2.454398179,0.578863242
106,38,-2.4,0.39024,89.7068,-53.5329,1389.9229,-375.8188,-179.1536,-5.0647,-0.0741,0.992756938,2.454372474,0.578481114
106,39,-2.4,0.39024,89.7068,-53.4501,1359.4663,-376.2367,-178.947,-5.0362,-0.0915,0.962209347,2.454289266,0.577982437
106,40,-2.4,0.39024,89.7068,-53.3943,1329.1311,-376.7964,-178.8423,-5.0208,-0.1016,0.931907727,2.454246198,0.577445629
106,41,-2.4,0.39024,89.7068,-53.2986,1298.5928,-377.4477,-178.6422,-4.9822,-0.1181,0.901359609,2.454140295,0.576781478
106,42,-2.4,0.39024,89.7068,-53.2212,1268.233,-378.0982,-178.4812,-4.9546,-0.1317,0.870935528,2.454064753,0.576067779
106,43,-2.4,0.39024,89.7068,-53.1373,1237.6783,-379.0003,-178.2872,-4.9096,-0.1457,0.840398487,2.453942398,0.575204794
106,44,-2.4,0.39024,89.7068,-53.0052,1207.1273,-379.892,-178.0575,-4.8613,-0.1645,0.809781032,2.453808709,0.574273597
106,45,-2.4,0.39024,89.7068,-52.8486,1176.5688,-381.0038,-177.8378,-4.8048,-0.1814,0.779189553,2.453653823,0.573147632
106,46,-2.4,0.39024,89.7068,-52.6699,1146.5111,-382.1651,-177.8211,-4.7385,-0.1812,0.749162057,2.453470585,0.57198494
106,47,-2.4,0.39024,89.7068,-52.6624,1141.2692,-382.3567,-177.8409,-4.7272,-0.1769,0.743855771,2.453436453,0.571785658
106,48,-2.4,0.39024,89.7068,-22.6768,1142.1545,-379.8378,-177.8426,-4.7253,-0.171,0.74474087,2.423436453,0.574305659
106,49,-2.4,0.39024,89.7068,-22.8939,1172.2328,-378.7143,-177.8804,-4.8165,-0.1783,0.774804561,2.423679526,0.575509179
106,50,-2.4,0.39024,89.7068,-23.0514,1202.781,-377.5356,-178.0981,-4.8676,-0.1603,0.805385783,2.423825239,0.576692191
106,51,-2.4,0.39024,89.7068,-23.1826,1233.4028,-376.5614,-178.3327,-4.9212,-0.1438,0.83603032,2.423969785,0.577656585
106,52,-2.4,0.39024,89.7068,-23.2615,1263.853,-375.6806,-178.5091,-4.9585,-0.1287,0.866500146,2.424072491,0.578564343
106,53,-2.4,0.39024,89.7068,-23.3541,1294.3972,-374.9291,-178.7079,-4.9968,-0.1121,0.897049919,2.42417551,0.579303201
106,54,-2.4,0.39024,89.7068,-23.45,1324.7998,-374.2092,-178.847,-5.0234,-0.0987,0.92743856,2.42424796,0.580003026
106,55,-2.4,0.39024,89.7068,-23.5308,1355.2246,-373.6917,-179.0223,-5.0485,-0.0838,0.957914579,2.424318175,0.580551885
106,56,-2.4,0.39024,89.7068,-23.5251,1385.5894,-373.1518,-179.1501,-5.0696,-0.0748,0.988264463,2.424371415,0.581086058
106,57,-2.4,0.39024,89.7068,-23.5825,1415.9016,-372.8555,-179.3008,-5.083,-0.0608,1.018665863,2.424414717,0.58147109
106,58,-2.4,0.39024,89.7068,-23.6355,1446.2277,-372.4621,-179.427,-5.098,-0.0496,1.049011589,2.424454608,0.581865867
106,59,-2.4,0.39024,89.7068,-23.6252,1476.6007,-372.192,-179.5407,-5.1078,-0.0432,1.079343572,2.424478032,0.582107222
106,60,-2.4,0.39024,89.7068,-23.6881,1506.9835,-371.925,-179.6891,-5.117,-0.0257,1.109746359,2.424503997,0.582358424
106,61,-2.4,0.39024,89.7068,-23.6649,1537.2524,-371.8561,-179.7883,-5.1206,-0.018,1.140023048,2.42451438,0.58246651
106,62,-2.4,0.39024,89.7068,-23.6633,1567.5137,-371.8039,-179.8893,-5.1228,-0.01,1.170299902,2.424522505,0.582553545
106,63,-2.4,0.39024,89.7068,6.405,1570.3894,-369.1451,-179.9596,-5.1273,-0.0011,1.173228517,2.39452698,0.585253886
106,64,-2.4,0.39024,89.7068,6.3259,1540.1328,-369.2142,-179.8831,-5.118,-0.0102,1.143023349,2.394522107,0.585163691
106,65,-2.4,0.39024,89.7068,6.3357,1509.635,-369.3318,-179.7052,-5.1135,-0.0257,1.112529832,2.394506755,0.585068582
106,66,-2.4,0.39024,89.7068,6.3645,1479.4036,-369.5462,-179.6196,-5.1085,-0.0324,1.082292962,2.394491652,0.584816056
106,67,-2.4,0.39024,89.7068,6.3928,1448.9836,-369.7596,-179.4567,-5.097,-0.0492,1.051847504,2.394461348,0.584566474
106,68,-2.4,0.39024,89.7068,6.3923,1418.6998,-370.1166,-179.3508,-5.0862,-0.0575,1.021558839,2.39443253,0.584184703
106,69,-2.4,0.39024,89.7068,6.4205,1388.4467,-370.4923,-179.2463,-5.0753,-0.0656,0.991276078,2.394400248,0.583784139
106,70,-2.4,0.39024,89.7068,6.4915,1357.9869,-370.9845,-179.0635,-5.0529,-0.0821,0.960778395,2.394338151,0.583263187
106,71,-2.4,0.39024,89.7068,6.5176,1327.7749,-371.5366,-178.9873,-5.0396,-0.0889,0.930571316,2.394303893,0.582697079
106,72,-2.4,0.39024,89.7068,7.1364,1296.9352,-372.1758,-178.6648,-4.7991,-0.1107,0.899683312,2.393635167,0.58204894
106,73,-2.4,0.39024,89.7068,8.25,1266.1703,-372.8742,-178.3868,-4.3661,-0.121,0.868912261,2.392430968,0.581355457
106,74,-2.4,0.39024,89.7068,8.9866,1234.9935,-373.7668,-177.8971,-4.0887,-0.1465,0.837582618,2.391659688,0.580391334
106,75,-2.4,0.39024,89.7068,8.9926,1204.5883,-374.8469,-177.7522,-4.0738,-0.1579,0.807189731,2.391623187,0.579327262
106,76,-2.4,0.39024,89.7068,9.1326,1173.9045,-376.0651,-177.4595,-4.0317,-0.1784,0.776418863,2.39150576,0.578032136
106,77,-2.4,0.39024,89.7068,9.1568,1143.9351,-377.4349,-177.4896,-4.0149,-0.1762,0.746512704,2.391463089,0.576713192
106,78,-2.4,0.39024,89.7068,9.1693,1142.1768,-377.4886,-177.4908,-4.0156,-0.1749,0.744641412,2.391460419,0.576630662
106,79,-2.4,0.39024,89.7068,39.174,1143.0238,-375.3509,-177.4929,-4.0142,-0.1716,0.745519717,2.361460419,0.578782254
106,80,-2.4,0.39024,89.7068,39.0853,1173.079,-374.0664,-177.5037,-4.0447,-0.1767,0.775517056,2.361540766,0.580108889
106,81,-2.4,0.39024,89.7068,38.9834,1203.7112,-372.7849,-177.7687,-4.0742,-0.1587,0.806213898,2.361625227,0.581438579
106,82,-2.4,0.39024,89.7068,38.9545,1234.3503,-371.6996,-178.0109,-4.0969,-0.1433,0.836873001,2.361685712,0.582511574
106,83,-2.4,0.39024,89.7068,38.8579,1264.9558,-370.7159,-178.2668,-4.1209,-0.1239,0.867559017,2.361751579,0.583536186
106,84,-2.4,0.39024,89.7068,38.8704,1295.395,-369.8894,-178.4274,-4.1347,-0.1142,0.89800232,2.361783556,0.584366147
106,85,-2.4,0.39024,89.7068,38.7952,1326.0232,-369.1193,-178.6773,-4.1536,-0.0942,0.928681911,2.361832983,0.585153423
106,86,-2.4,0.39024,89.7068,38.7507,1356.3223,-368.541,-178.7989,-4.1589,-0.0849,0.9590104,2.361850578,0.585777838
106,87,-2.4,0.39024,89.7068,38.7799,1386.9641,-367.9228,-179.0317,-4.1725,-0.0702,0.989657032,2.361884338,0.586373563
106,88,-2.4,0.39024,89.7068,38.7426,1417.2286,-367.4699,-179.1255,-4.1759,-0.0623,1.019919343,2.361894022,0.58681721
106,89,-2.4,0.39024,89.7068,38.6901,1447.7885,-367.0813,-179.35,-4.1822,-0.0446,1.050531566,2.361915366,0.587252486
106,90,-2.4,0.39024,89.7068,38.7562,1478.025,-366.7789,-179.4282,-4.1864,-0.0418,1.080755781,2.36192048,0.587531927
106,91,-2.4,0.39024,89.7068,38.717,1508.4978,-366.5178,-179.6048,-4.1889,-0.0278,1.111241203,2.361929962,0.587813243
106,92,-2.4,0.39024,89.7068,38.703,1538.8749,-366.3455,-179.7239,-4.1914,-0.0181,1.141586465,2.361934847,0.587929388
106,93,-2.4,0.39024,89.7068,38.7273,1569.0083,-366.311,-179.7914,-4.1926,-0.0144,1.171764381,2.361936728,0.588029344
106,94,-2.4,0.39024,89.7068,68.7783,1568.4432,-364.1258,-179.8735,-4.1965,-0.0029,1.171250628,2.331938552,0.590228296
106,95,-2.4,0.39024,89.7068,68.7423,1538.1084,-364.2299,-179.7571,-4.1886,-0.0179,1.140936618,2.331935788,0.5901279
106,96,-2.4,0.39024,89.7068,68.7775,1507.772,-364.3534,-179.6475,-4.187,-0.027,1.110629259,2.331932163,0.590006644
106,97,-2.4,0.39024,89.7068,68.7246,1477.3073,-364.6458,-179.4792,-4.1841,-0.0369,1.08015987,2.331923721,0.589723875
106,98,-2.4,0.39024,89.7068,68.7416,1447.002,-364.8347,-179.3411,-4.1813,-0.0476,1.049791642,2.331915341,0.589443223
106,99,-2.4,0.39024,89.7068,68.7938,1416.5845,-365.3,-179.1963,-4.1762,-0.061,1.019386574,2.331901453,0.589001562
106,100,-2.4,0.39024,89.7068,68.7533,1386.1311,-365.7545,-179.0363,-4.1689,-0.07,0.988939509,2.331885111,0.588555132
106,101,-2.4,0.39024,89.7068,68.7769,1355.7488,-366.3251,-178.8861,-4.1615,-0.0804,0.958533017,2.331864401,0.587952894
106,102,-2.4,0.39024,89.7068,68.7856,1325.2493,-366.9377,-178.6893,-4.1522,-0.0925,0.927994122,2.331835645,0.587321995
106,103,-2.4,0.39024,89.7068,68.8305,1294.8091,-367.7174,-178.5262,-4.1397,-0.1058,0.897551223,2.331804808,0.586528569
106,104,-2.4,0.39024,89.7068,68.8601,1264.2228,-368.5392,-178.2915,-4.1233,-0.1221,0.866911053,2.33175791,0.585686334
106,105,-2.4,0.39024,89.7068,68.9173,1233.7371,-369.5457,-178.0986,-4.1051,-0.1363,0.836394728,2.331711276,0.584654538
106,106,-2.4,0.39024,89.7068,68.9454,1202.9672,-370.6257,-177.8049,-4.0769,-0.1546,0.805595437,2.331635747,0.583562193
106,107,-2.4,0.39024,89.7068,69.0535,1172.4384,-371.922,-177.5779,-4.0529,-0.1714,0.775007103,2.331568393,0.58222076
106,108,-2.4,0.39024,89.7068,69.1187,1143.8436,-373.1963,-177.489,-4.0132,-0.1752,0.746398021,2.331460419,0.580933845
106,109,-2.4,0.39024,89.7068,100.9855,1116.4952,-372.8529,-176.5847,-3.279,-0.1883,0.718823985,2.29943037,0.58123294
106,110,-2.4,0.39024,89.7068,100.9787,1147.4221,-371.1801,-176.9701,-3.2924,-0.1753,0.74980117,2.299461934,0.583038186
106,111,-2.4,0.39024,89.7068,100.9894,1178.0565,-369.7071,-177.2241,-3.2971,-0.1616,0.780475137,2.29947044,0.584518953
106,112,-2.4,0.39024,89.7068,100.9868,1209.0385,-368.3351,-177.6139,-3.3003,-0.1388,0.811525868,2.299475743,0.585914096
106,113,-2.4,0.39024,89.7068,100.9636,1239.4852,-367.1302,-177.7662,-3.3011,-0.1292,0.841944492,2.299476424,0.587079517
106,114,-2.4,0.39024,89.7068,100.3199,1270.7488,-366.1146,-178.2692,-3.5693,-0.1094,0.873322843,2.300212457,0.588125649
106,115,-2.4,0.39024,89.7068,99.2703,1301.416,-365.3397,-178.5298,-3.966,-0.1017,0.904034964,2.301320454,0.588922178
106,116,-2.4,0.39024,89.7068,98.7971,1332.3004,-364.599,-178.8666,-4.1611,-0.0871,0.934965987,2.30186091,0.589649842
106,117,-2.4,0.39024,89.7068,98.7605,1362.5746,-363.9504,-178.9519,-4.1672,-0.0751,0.965206092,2.301874055,0.590280908
106,118,-2.4,0.39024,89.7068,98.7437,1393.1273,-363.4699,-179.1915,-4.1761,-0.0595,0.995855899,2.301900538,0.590848416
106,119,-2.4,0.39024,89.7068,98.7283,1423.4098,-362.9609,-179.2744,-4.1805,-0.0523,1.026091644,2.301908789,0.591296222
106,120,-2.4,0.39024,89.7068,98.7316,1453.8243,-362.5782,-179.432,-4.1855,-0.0411,1.056526197,2.301920821,0.591703114
106,121,-2.4,0.39024,89.7068,98.7216,1484.1879,-362.3424,-179.5804,-4.1871,-0.0296,1.086931229,2.30192883,0.591985707
106,122,-2.4,0.39024,89.7068,98.6978,1514.4885,-362.0914,-179.6948,-4.189,-0.0211,1.117246542,2.30193385,0.592249877
106,123,-2.4,0.39024,89.7068,98.712,1544.9541,-362.031,-179.8802,-4.1906,-0.0078,1.147755609,2.301938601,0.592351314
106,124,-2.4,0.39024,89.7068,98.6915,1575.2013,-361.9101,-179.9634,-4.1911,-0.0013,1.177991885,2.301939612,0.59245178
106,125,-2.4,0.39024,89.7068,131.108,1587.924,-359.6627,-179.8457,-3.2797,-0.0059,1.190671562,2.269412098,0.594726016
106,126,-2.4,0.39024,89.7068,131.0907,1557.5945,-359.7764,-179.7529,-3.2825,-0.0144,1.160413973,2.269413285,0.594616468
106,127,-2.4,0.39024,89.7068,131.1276,1527.3799,-359.8417,-179.677,-3.2819,-0.0208,1.130207471,2.269414009,0.594506801
106,128,-2.4,0.39024,89.7068,131.0603,1496.7362,-360.0697,-179.4445,-3.2837,-0.0323,1.099556605,2.269421143,0.594301335
106,129,-2.4,0.39024,89.7068,131.0642,1466.4402,-360.3986,-179.3521,-3.2841,-0.0377,1.069293181,2.269423842,0.593995177
106,130,-2.4,0.39024,89.7068,131.0401,1436.054,-360.6355,-179.1726,-3.2879,-0.0474,1.038814514,2.269431571,0.593629224
106,131,-2.4,0.39024,89.7068,131.0396,1405.5825,-361.1983,-179.0204,-3.2877,-0.0566,1.008384711,2.269438305,0.593141798
106,132,-2.4,0.39024,89.7068,131.023,1375.2618,-361.6107,-178.8674,-3.2921,-0.0645,0.977979017,2.269444649,0.592612804
106,133,-2.4,0.39024,89.7068,131.0139,1344.6515,-362.3785,-178.6643,-3.2937,-0.0771,0.947405594,2.269454292,0.591926777
106,134,-2.4,0.39024,89.7068,130.9753,1314.2665,-363.0324,-178.4955,-3.2971,-0.0847,0.916956343,2.269459988,0.591206078
106,135,-2.4,0.39024,89.7068,130.9958,1283.6681,-363.9451,-178.2735,-3.2993,-0.0985,0.886347315,2.269468368,0.590298335
106,136,-2.4,0.39024,89.7068,130.9847,1253.1006,-364.8659,-178.0462,-3.3001,-0.1122,0.855732365,2.269472604,0.589340637
106,137,-2.4,0.39024,89.7068,130.9377,1222.5724,-366.0473,-177.8556,-3.2998,-0.1228,0.825214592,2.26947646,0.588180349
106,138,-2.4,0.39024,89.7068,130.9373,1191.7185,-367.2574,-177.5034,-3.2999,-0.1428,0.794270903,2.269474958,0.586915167
106,139,-2.4,0.39024,89.7068,130.9574,1161.2937,-368.6953,-177.3229,-3.2991,-0.1523,0.763805332,2.269472866,0.585454069
106,140,-2.4,0.39024,89.7068,131.5353,1129.6631,-370.3328,-176.6803,-3.0606,-0.1748,0.732060558,2.268815361,0.583791551
106,141,-2.4,0.39024,89.7068,132.7697,1099.0596,-372.1179,-176.4189,-2.5901,-0.1599,0.701390982,2.267506419,0.581951467
106,142,-2.4,0.39024,89.7068,133.0833,1091.6511,-372.6115,-176.3954,-2.4784,-0.1557,0.693957923,2.267196875,0.581494174
106,143,-2.4,0.39024,89.7068,163.0781,1092.6832,-371.2376,-176.3971,-2.4773,-0.1527,0.694945885,2.237196875,0.582866743
106,144,-2.4,0.39024,89.7068,163.1832,1122.8153,-369.4127,-176.4718,-2.4426,-0.1533,0.725072468,2.237093737,0.584780613
106,145,-2.4,0.39024,89.7068,163.2978,1153.8818,-367.6241,-176.9021,-2.3907,-0.1299,0.756215181,2.236948921,0.586605819
106,146,-2.4,0.39024,89.7068,163.372,1184.4163,-366.0349,-177.1143,-2.372,-0.1214,0.786776493,2.236894022,0.588172489
106,147,-2.4,0.39024,89.7068,163.5005,1215.4952,-364.6269,-177.5389,-2.3304,-0.1015,0.817926071,2.236770813,0.58959614
106,148,-2.4,0.39024,89.7068,163.5457,1245.8639,-363.398,-177.6935,-2.3161,-0.0952,0.848329724,2.236731621,0.590839558
106,149,-2.4,0.39024,89.7068,162.6757,1277.1852,-362.3185,-178.1902,-2.6502,-0.0835,0.879703916,2.237659341,0.591912528
106,150,-2.4,0.39024,89.7068,161.4452,1307.7601,-361.551,-178.452,-3.1277,-0.0859,0.910402041,2.238987655,0.592770646
106,151,-2.4,0.39024,89.7068,161.0072,1338.6707,-360.7739,-178.7916,-3.2929,-0.0699,0.941345577,2.239449393,0.593523693
106,152,-2.4,0.39024,89.7068,160.9737,1368.9309,-360.1356,-178.8912,-3.292,-0.0622,0.971615463,2.239443954,0.594199499
106,153,-2.4,0.39024,89.7068,161.0177,1399.6007,-359.5358,-179.1303,-3.2895,-0.0499,1.002283509,2.239434214,0.594775297
106,154,-2.4,0.39024,89.7068,161.0458,1429.8481,-359.0803,-179.2341,-3.2878,-0.0441,1.032562111,2.239428688,0.595256042
106,155,-2.4,0.39024,89.7068,161.0496,1460.3641,-358.6527,-179.4117,-3.2878,-0.0331,1.063062514,2.239422115,0.595660373
106,156,-2.4,0.39024,89.7068,161.0686,1490.7225,-358.3939,-179.559,-3.2853,-0.025,1.093465728,2.239417322,0.595964935
106,157,-2.4,0.39024,89.7068,161.0386,1521.1089,-358.1459,-179.7007,-3.2839,-0.0145,1.123862524,2.239413814,0.596209288
106,158,-2.4,0.39024,89.7068,161.0731,1551.5548,-358.0073,-179.8621,-3.2832,-0.0076,1.154315192,2.239411737,0.59631946
106,159,-2.4,0.39024,89.7068,161.0714,1581.8595,-357.9175,-179.9678,-3.2832,-0.0008,1.184612844,2.239409288,0.5964275
117,1,-2.445,-2.781902,-89.5256,-242.1044,1095.84,-367.9719,-176.6662,1.1891,0.0708,1.706814784,2.158097182,0.586201569
117,2,-2.445,-2.781902,-89.5256,-242.4576,1125.6406,-366.0922,-176.6255,1.0332,0.0617,1.677026141,2.157671127,0.588139651
117,3,-2.445,-2.781902,-89.5256,-240.6805,1156.88,-364.2491,-177.1146,1.7357,0.0895,1.645718826,2.159617893,0.59000184
117,4,-2.445,-2.781902,-89.5256,-239.3479,1186.9602,-362.8422,-177.1579,2.2197,0.1089,1.615628301,2.160972728,0.591416453
117,5,-2.445,-2.781902,-89.5256,-239.0577,1217.9491,-361.4985,-177.5495,2.3352,0.0995,1.584568902,2.161303776,0.592775065
117,6,-2.445,-2.781902,-89.5256,-239.1364,1248.4819,-360.2791,-177.7347,2.3231,0.0925,1.554057917,2.161259016,0.593962988
117,7,-2.445,-2.781902,-89.5256,-239.2099,1279.3352,-359.2737,-178.0962,2.2839,0.0767,1.523083147,2.161155447,0.595033863
117,8,-2.445,-2.781902,-89.5256,-239.2367,1309.865,-358.3533,-178.3058,2.266,0.0673,1.492514037,2.161104348,0.595974664
117,9,-2.445,-2.781902,-89.5256,-239.3097,1340.5698,-357.5125,-178.5571,2.2426,0.0568,1.461819354,2.161039422,0.59678421
117,10,-2.445,-2.781902,-89.5256,-239.3404,1371.0674,-356.8089,-178.749,2.2284,0.0483,1.431289143,2.160997045,0.597500552
117,11,-2.445,-2.781902,-89.5256,-239.3981,1401.6235,-356.2163,-178.9546,2.213,0.0407,1.400718725,2.160952961,0.598100599
117,12,-2.445,-2.781902,-89.5256,-239.4238,1432.069,-355.7192,-179.1263,2.2013,0.034,1.370245809,2.160923186,0.598611821
117,13,-2.445,-2.781902,-89.5256,-239.4472,1462.5259,-355.3511,-179.3126,2.1902,0.0263,1.339733957,2.16089282,0.599034064
117,14,-2.445,-2.781902,-89.5256,-239.4666,1492.9548,-355.0399,-179.4753,2.186,0.0201,1.309285943,2.160875035,0.599356149
117,15,-2.445,-2.781902,-89.5256,-239.4997,1523.4788,-354.7535,-179.6575,2.1798,0.0136,1.278768794,2.160856917,0.599607979
117,16,-2.445,-2.781902,-89.5256,-239.4925,1553.8541,-354.6018,-179.7733,2.1785,0.0088,1.248433934,2.160851732,0.59972228
117,17,-2.445,-2.781902,-89.5256,-239.5192,1584.2902,-354.4741,-179.9336,2.1756,0.004,1.217986944,2.160843232,0.599839788
117,18,-2.445,-2.781902,-89.5256,-209.5154,1585.7798,-355.6556,-179.9771,2.1746,0.0064,1.216432372,2.190840827,0.598706833
117,19,-2.445,-2.781902,-89.5256,-209.5385,1555.4429,-355.8123,-179.8768,2.1781,0.0041,1.246716965,2.190846529,0.598588776
117,20,-2.445,-2.781902,-89.5256,-209.5372,1524.9644,-355.9713,-179.7229,2.1795,0.0104,1.277154798,2.190854139,0.598471197
117,21,-2.445,-2.781902,-89.5256,-209.4966,1494.4784,-356.1718,-179.5398,2.1814,0.0163,1.307662548,2.19086725,0.598231737
117,22,-2.445,-2.781902,-89.5256,-209.4795,1464.1171,-356.4647,-179.3985,2.1872,0.0222,1.338048041,2.190883065,0.597900697
117,23,-2.445,-2.781902,-89.5256,-209.4725,1433.5751,-356.8243,-179.1784,2.1992,0.0311,1.36865068,2.190911582,0.597489912
117,24,-2.445,-2.781902,-89.5256,-209.45,1403.2069,-357.3467,-179.0469,2.2085,0.037,1.399014877,2.190937662,0.59696476
117,25,-2.445,-2.781902,-89.5256,-209.4193,1372.5541,-357.9429,-178.8103,2.225,0.0459,1.429672493,2.190980277,0.596378322
117,26,-2.445,-2.781902,-89.5256,-209.4005,1342.1213,-358.6635,-178.646,2.2399,0.0536,1.460121416,2.191020841,0.595641325
117,27,-2.445,-2.781902,-89.5256,-209.348,1311.4808,-359.3986,-178.3904,2.2591,0.0644,1.490820439,2.191076633,0.594850929
117,28,-2.445,-2.781902,-89.5256,-209.295,1280.8992,-360.3862,-178.1748,2.2825,0.0734,1.521409309,2.191136439,0.593879061
117,29,-2.445,-2.781902,-89.5256,-209.2079,1250.2117,-361.3806,-177.8938,2.3053,0.0851,1.552169014,2.191207088,0.592838139
117,30,-2.445,-2.781902,-89.5256,-209.1418,1219.4976,-362.5963,-177.6091,2.3338,0.0983,1.582933585,2.191287064,0.591603303
117,31,-2.445,-2.781902,-89.5256,-209.0649,1188.6029,-363.9424,-177.263,2.3693,0.1148,1.6138665,2.191385223,0.590234367
117,32,-2.445,-2.781902,-89.5256,-208.9543,1157.765,-365.4549,-176.9272,2.3989,0.1294,1.644767807,2.191473675,0.5887068
117,33,-2.445,-2.781902,-89.5256,-208.7968,1126.7014,-367.2147,-176.4931,2.4525,0.1503,1.675923022,2.19162735,0.586912636
117,34,-2.445,-2.781902,-89.5256,-208.6943,1096.9526,-368.9985,-176.5795,2.4959,0.1486,1.705631608,2.191744034,0.585122953
117,35,-2.445,-2.781902,-89.5256,-208.6754,1094.6161,-369.1499,-176.5884,2.4973,0.1492,1.708031592,2.19175346,0.584978356
117,36,-2.445,-2.781902,-89.5256,-178.6919,1093.6189,-370.5298,-176.588,2.4986,0.1556,1.709019563,2.22175346,0.583605786
117,37,-2.445,-2.781902,-89.5256,-178.8386,1123.5183,-368.7852,-176.5648,2.4356,0.1458,1.67916118,2.221583422,0.585430233
117,38,-2.445,-2.781902,-89.5256,-178.9534,1154.5269,-366.9663,-176.9821,2.3934,0.1255,1.648057384,2.221463463,0.587275983
117,39,-2.445,-2.781902,-89.5256,-179.0502,1185.3933,-365.4268,-177.3308,2.3599,0.1105,1.61712778,2.22136705,0.588839817
117,40,-2.445,-2.781902,-89.5256,-179.1439,1216.4985,-364.0046,-177.7457,2.3214,0.0898,1.585996811,2.221257544,0.590249647
117,41,-2.445,-2.781902,-89.5256,-179.1824,1246.9568,-362.7401,-177.916,2.3012,0.0809,1.555538032,2.221201597,0.591499782
117,42,-2.445,-2.781902,-89.5256,-179.2645,1277.797,-361.7347,-178.28,2.2695,0.0685,1.52456332,2.221113008,0.592589158
117,43,-2.445,-2.781902,-89.5256,-179.306,1308.2047,-360.7142,-178.4017,2.256,0.0635,1.494218253,2.221074469,0.593563445
117,44,-2.445,-2.781902,-89.5256,-179.371,1339.0278,-359.8785,-178.7159,2.2317,0.05,1.4633528,2.221005099,0.594398373
117,45,-2.445,-2.781902,-89.5256,-179.3879,1369.2972,-359.1571,-178.8185,2.2223,0.0462,1.433074647,2.220978711,0.59513402
117,46,-2.445,-2.781902,-89.5256,-179.0928,1399.8849,-358.6259,-179.0725,2.3474,0.0389,1.402387401,2.221318988,0.595740488
117,47,-2.445,-2.781902,-89.5256,-178.3218,1429.9769,-358.0813,-179.0756,2.6342,0.0425,1.372363827,2.222119625,0.596225446
117,48,-2.445,-2.781902,-89.5256,-176.5772,1460.6125,-357.7845,-179.3245,3.2966,0.0372,1.341675417,2.223962383,0.596551509
117,49,-2.445,-2.781902,-89.5256,-176.6455,1490.8746,-357.4377,-179.4047,3.2944,0.0371,1.311443259,2.223960069,0.596854117
117,50,-2.445,-2.781902,-89.5256,-176.6214,1521.5427,-357.2001,-179.6602,3.2898,0.0194,1.280737975,2.223951987,0.597099276
117,51,-2.445,-2.781902,-89.5256,-176.6316,1551.7209,-357.119,-179.7306,3.2899,0.0162,1.250543222,2.223951331,0.597207722
117,52,-2.445,-2.781902,-89.5256,-176.627,1581.8977,-357.063,-179.8026,3.29,0.0114,1.220348468,2.223950676,0.59731593
117,53,-2.445,-2.781902,-89.5256,-146.5812,1587.7866,-358.7506,-179.9806,3.2898,0.005,1.214449677,2.2539468,0.59561299
117,54,-2.445,-2.781902,-89.5256,-146.6108,1557.3654,-358.8894,-179.8592,3.288,0.0091,1.244789082,2.253949636,0.595503648
117,55,-2.445,-2.781902,-89.5256,-146.622,1526.9644,-358.976,-179.715,3.2916,0.0171,1.275189944,2.253951473,0.595394211
117,56,-2.445,-2.781902,-89.5256,-146.6087,1496.5212,-359.1769,-179.5616,3.2927,0.0259,1.305622566,2.253954993,0.595186845
117,57,-2.445,-2.781902,-89.5256,-146.604,1466.0754,-359.4983,-179.3983,3.2951,0.0344,1.336075043,2.253960348,0.594880069
117,58,-2.445,-2.781902,-89.5256,-146.6028,1435.6313,-359.8364,-179.2262,3.2979,0.0449,1.366547711,2.253966673,0.594511358
117,59,-2.445,-2.781902,-89.5256,-146.5963,1405.1891,-360.2989,-179.0577,3.3002,0.0544,1.397011386,2.25397483,0.594024227
117,60,-2.445,-2.781902,-89.5256,-146.583,1374.7308,-360.799,-178.8725,3.3017,0.0653,1.427517183,2.253982367,0.593491235
117,61,-2.445,-2.781902,-89.5256,-146.5876,1344.1943,-361.4668,-178.6688,3.3051,0.0774,1.458075168,2.253991939,0.592805165
117,62,-2.445,-2.781902,-89.5256,-146.589,1313.6698,-362.1522,-178.4618,3.3084,0.0895,1.48863586,2.25399922,0.592079825
117,63,-2.445,-2.781902,-89.5256,-146.5892,1283.0188,-363.0602,-178.2171,3.3101,0.1049,1.519309073,2.254007281,0.591168785
117,64,-2.445,-2.781902,-89.5256,-146.5923,1252.2561,-364.0148,-177.9247,3.3126,0.121,1.55010947,2.254012933,0.590201275
117,65,-2.445,-2.781902,-89.5256,-146.5818,1221.6124,-365.1873,-177.6812,3.313,0.134,1.580768325,2.254013952,0.589034559
117,66,-2.445,-2.781902,-89.5256,-147.8711,1190.3624,-366.3475,-177.1763,2.8161,0.1383,1.612141248,2.25263893,0.587812912
117,67,-2.445,-2.781902,-89.5256,-148.7307,1160.3439,-367.8444,-177.1664,2.4925,0.125,1.642138703,2.251736405,0.586311651
117,68,-2.445,-2.781902,-89.5256,-148.8783,1129.182,-369.5715,-176.6861,2.4211,0.1398,1.673414443,2.251539559,0.584538432
117,69,-2.445,-2.781902,-89.5256,-148.7757,1098.7911,-371.4906,-176.5165,2.4663,0.15,1.703832608,2.251661012,0.582608102
117,70,-2.445,-2.781902,-89.5256,-148.6948,1092.6458,-371.8654,-176.5844,2.4989,0.1491,1.710007535,2.25175346,0.582233217
117,71,-2.445,-2.781902,-89.5256,-116.5892,1144.6561,-370.4421,-177.2912,3.3196,0.1602,1.657872308,2.284030117,0.583807118
117,72,-2.445,-2.781902,-89.5256,-116.6093,1174.5859,-369.018,-177.2808,3.3103,0.1564,1.627931983,2.284010203,0.585244013
117,73,-2.445,-2.781902,-89.5256,-116.6148,1205.4867,-367.5916,-177.6349,3.3118,0.138,1.596976223,2.284013703,0.586676311
117,74,-2.445,-2.781902,-89.5256,-116.6147,1236.2947,-366.3856,-177.9371,3.311,0.1202,1.566152358,2.284012843,0.587852799
117,75,-2.445,-2.781902,-89.5256,-116.616,1267.0212,-365.3282,-178.2188,3.3092,0.1037,1.535388561,2.284007408,0.588953654
117,76,-2.445,-2.781902,-89.5256,-116.6143,1297.5941,-364.3968,-178.4362,3.307,0.0911,1.504788506,2.284000677,0.589865892
117,77,-2.445,-2.781902,-89.5256,-116.6131,1328.3665,-363.5837,-178.74,3.3042,0.0725,1.473957605,2.283989886,0.5907155
117,78,-2.445,-2.781902,-89.5256,-116.6303,1358.6366,-362.9399,-178.8557,3.3028,0.0656,1.443652244,2.283983811,0.591398768
117,79,-2.445,-2.781902,-89.5256,-116.5487,1389.4008,-362.2374,-179.1193,3.3433,0.0521,1.412908734,2.284091512,0.592034539
117,80,-2.445,-2.781902,-89.5256,-115.6829,1419.4277,-361.8594,-179.1424,3.6682,0.055,1.382851634,2.284996969,0.592461328
117,81,-2.445,-2.781902,-89.5256,-114.3215,1449.9873,-361.5225,-179.3563,4.1936,0.0478,1.3522624,2.286453493,0.592801044
117,82,-2.445,-2.781902,-89.5256,-114.3009,1480.2186,-361.2218,-179.4286,4.1922,0.0416,1.322052279,2.286458315,0.593083085
117,83,-2.445,-2.781902,-89.5256,-114.2937,1510.7925,-360.9173,-179.6298,4.1945,0.0273,1.291487871,2.28646916,0.593367017
117,84,-2.445,-2.781902,-89.5256,-114.3058,1541.0309,-360.8545,-179.7329,4.1963,0.0202,1.261211145,2.286472802,0.593472857
117,85,-2.445,-2.781902,-89.5256,-114.2951,1571.2146,-360.7504,-179.7952,4.1953,0.0162,1.231036255,2.286474655,0.593573633
117,86,-2.445,-2.781902,-89.5256,-84.2265,1578.4783,-362.9867,-179.9204,4.1998,0.0089,1.223727434,2.316476923,0.591396771
117,87,-2.445,-2.781902,-89.5256,-84.2608,1548.0648,-363.0879,-179.7893,4.1982,0.016,1.254085918,2.31647449,0.591296154
117,88,-2.445,-2.781902,-89.5256,-84.2794,1517.7526,-363.2181,-179.6946,4.198,0.0226,1.284357953,2.316471609,0.591194891
117,89,-2.445,-2.781902,-89.5256,-84.2912,1487.3091,-363.3378,-179.5014,4.1946,0.0369,1.314876287,2.316463022,0.5909522
117,90,-2.445,-2.781902,-89.5256,-84.3058,1456.9391,-363.689,-179.3867,4.193,0.0443,1.345204752,2.316455596,0.590669426
117,91,-2.445,-2.781902,-89.5256,-84.2998,1426.4843,-364.0214,-179.2015,4.1866,0.0578,1.375709641,2.316439579,0.590283704
117,92,-2.445,-2.781902,-89.5256,-84.3339,1396.1031,-364.4885,-179.0742,4.1825,0.0679,1.406066493,2.316426437,0.589834161
117,93,-2.445,-2.781902,-89.5256,-84.3519,1365.5648,-364.9877,-178.8566,4.1727,0.0826,1.436658218,2.316397645,0.58929189
117,94,-2.445,-2.781902,-89.5256,-84.3892,1335.1956,-365.6134,-178.7167,4.1631,0.0933,1.467040171,2.316376916,0.588657724
117,95,-2.445,-2.781902,-89.5256,-84.4582,1304.4714,-366.3152,-178.4402,4.1439,0.1154,1.497796516,2.316324604,0.587928328
117,96,-2.445,-2.781902,-89.5256,-84.4459,1274.1345,-367.1374,-178.3007,4.1351,0.121,1.528172597,2.316296619,0.587083561
117,97,-2.445,-2.781902,-89.5256,-84.5178,1243.2555,-368.0528,-177.9553,4.1023,0.1446,1.559112635,2.316210491,0.586118023
117,98,-2.445,-2.781902,-89.5256,-84.5954,1212.9056,-369.1077,-177.7959,4.0875,0.1582,1.589522703,2.316171071,0.585026722
117,99,-2.445,-2.781902,-89.5256,-85.876,1181.676,-370.3234,-177.316,3.5893,0.1675,1.620837642,2.314794055,0.583805128
117,100,-2.445,-2.781902,-89.5256,-86.6111,1151.5217,-371.7526,-177.2697,3.3158,0.1583,1.650950426,2.31402369,0.582398196
117,101,-2.445,-2.781902,-89.5256,-86.5824,1143.772,-372.1061,-177.2767,3.3145,0.1584,1.6587516,2.314030117,0.582023564
117,102,-2.445,-2.781902,-89.5256,-54.8,1143.2146,-374.3118,-177.4145,4.0259,0.1865,1.659253908,2.345990942,0.579881545
117,103,-2.445,-2.781902,-89.5256,-54.7237,1173.3351,-372.9682,-177.4549,4.0442,0.1787,1.629182241,2.346048646,0.581249483
117,104,-2.445,-2.781902,-89.5256,-54.6528,1204.1727,-371.6705,-177.7843,4.0881,0.1593,1.598295536,2.34616437,0.582566663
117,105,-2.445,-2.781902,-89.5256,-54.5573,1234.7854,-370.5901,-178.0229,4.1075,0.1415,1.567653274,2.346225332,0.583662726
117,106,-2.445,-2.781902,-89.5256,-54.5025,1265.4478,-369.6263,-178.2983,4.134,0.1225,1.536911726,2.346293889,0.584672525
117,107,-2.445,-2.781902,-89.5256,-54.4748,1296.0624,-368.7258,-178.5096,4.1482,0.1098,1.506319869,2.346337665,0.585516635
117,108,-2.445,-2.781902,-89.5256,-54.4449,1326.5422,-368.0085,-178.7168,4.1615,0.0958,1.475763982,2.346375769,0.58629251
117,109,-2.445,-2.781902,-89.5256,-54.3794,1357.052,-367.3779,-178.9051,4.1731,0.079,1.44524133,2.346403913,0.5869251
117,110,-2.445,-2.781902,-89.5256,-54.3708,1387.5049,-366.7729,-179.0659,4.1797,0.0694,1.414796406,2.346425449,0.587512547
117,111,-2.445,-2.781902,-89.5256,-54.3648,1417.9548,-366.3468,-179.2409,4.1861,0.0568,1.384312152,2.346443026,0.587961342
117,112,-2.445,-2.781902,-89.5256,-54.3479,1448.2828,-365.9217,-179.3673,4.191,0.0474,1.353966527,2.34645427,0.588390062
117,113,-2.445,-2.781902,-89.5256,-54.3104,1478.8104,-365.6094,-179.5487,4.1944,0.033,1.323455422,2.346465174,0.58867314
117,114,-2.445,-2.781902,-89.5256,-54.3214,1509.149,-365.2961,-179.6575,4.1958,0.0263,1.293142257,2.346470608,0.58895226
117,115,-2.445,-2.781902,-89.5256,-54.3328,1539.585,-365.3225,-179.8577,4.1988,0.0115,1.262608335,2.346476168,0.589066946
117,116,-2.445,-2.781902,-89.5256,-54.328,1569.8657,-365.154,-179.9436,4.1989,0.0056,1.232359999,2.346477227,0.589166676
117,117,-2.445,-2.781902,-89.5256,-21.8977,1569.5988,-367.7449,-179.8216,5.1321,0.0215,1.232589384,2.379054953,0.58664101
117,118,-2.445,-2.781902,-89.5256,-21.8961,1539.4116,-367.8057,-179.7662,5.1252,0.0217,1.262741514,2.379050018,0.586550519
117,119,-2.445,-2.781902,-89.5256,-21.9172,1509.0967,-367.8522,-179.6404,5.1203,0.0323,1.29308001,2.379033464,0.586450532
117,120,-2.445,-2.781902,-89.5256,-21.9137,1478.694,-368.1061,-179.4958,5.1103,0.0438,1.323484125,2.379006609,0.586197857
117,121,-2.445,-2.781902,-89.5256,-21.9364,1448.4878,-368.3724,-179.4302,5.1049,0.0505,1.353666074,2.378993103,0.585944458
117,122,-2.445,-2.781902,-89.5256,-22.9461,1417.9601,-368.6528,-179.2336,4.7181,0.0637,1.384210061,2.377921832,0.58564437
117,123,-2.445,-2.781902,-89.5256,-24.1197,1387.8635,-368.9557,-179.1887,4.2639,0.0612,1.414332725,2.376659887,0.585309428
117,124,-2.445,-2.781902,-89.5256,-24.3697,1357.1573,-369.5574,-178.9422,4.1752,0.0763,1.44502049,2.376409854,0.584739471
117,125,-2.445,-2.781902,-89.5256,-24.3673,1326.922,-370.1558,-178.8471,4.1697,0.0833,1.475273933,2.376396189,0.584117949
117,126,-2.445,-2.781902,-89.5256,-24.4483,1296.2158,-370.8729,-178.558,4.1546,0.105,1.506058522,2.376348974,0.583343582
117,127,-2.445,-2.781902,-89.5256,-24.4959,1265.7966,-371.713,-178.4062,4.1451,0.1154,1.536474815,2.376317677,0.582515812
117,128,-2.445,-2.781902,-89.5256,-24.5314,1235.0275,-372.701,-178.1066,4.1186,0.1366,1.567289019,2.37624996,0.581510584
117,129,-2.445,-2.781902,-89.5256,-24.6379,1204.3682,-373.721,-177.8322,4.0919,0.1568,1.598023428,2.376179571,0.580430959
117,130,-2.445,-2.781902,-89.5256,-24.6669,1173.5691,-375.0438,-177.5361,4.0596,0.1733,1.628830194,2.376088911,0.579135538
117,131,-2.445,-2.781902,-89.5256,-24.8046,1143.3622,-376.2843,-177.4048,4.0246,0.1836,1.659143013,2.375994242,0.577774854
117,132,-2.445,-2.781902,-89.5256,-24.8215,1142.3108,-376.4445,-177.4137,4.0259,0.1821,1.660132223,2.375990942,0.577729953
117,133,-2.445,-2.781902,-89.5256,5.2346,1141.4838,-378.6036,-177.4128,4.0252,0.1848,1.661010538,2.405990942,0.575578362
117,134,-2.445,-2.781902,-89.5256,5.7566,1171.8115,-377.3258,-177.5312,4.2597,0.1846,1.630717265,2.406639824,0.576873826
117,135,-2.445,-2.781902,-89.5256,7.3282,1203.0962,-376.2182,-178.0426,4.8651,0.1682,1.59932462,2.408319108,0.578032373
117,136,-2.445,-2.781902,-89.5256,7.4004,1233.424,-375.2371,-178.1717,4.896,0.157,1.568979741,2.40839895,0.579016043
117,137,-2.445,-2.781902,-89.5256,7.5894,1264.1921,-374.3384,-178.4826,4.9613,0.1324,1.538133454,2.408589157,0.579928334
117,138,-2.445,-2.781902,-89.5256,7.6954,1294.5327,-373.5684,-178.597,4.9819,0.122,1.507816097,2.40865062,0.580688374
117,139,-2.445,-2.781902,-89.5256,7.7665,1325.1907,-372.8642,-178.8434,5.0283,0.1035,1.477135416,2.408778629,0.581378968
117,140,-2.445,-2.781902,-89.5256,7.8578,1355.4478,-372.331,-178.9552,5.0454,0.0914,1.446837664,2.408824473,0.581948864
117,141,-2.445,-2.781902,-89.5256,7.9054,1386.024,-371.7882,-179.1559,5.0747,0.0765,1.416277664,2.408908009,0.582467912
117,142,-2.445,-2.781902,-89.5256,7.989,1416.266,-371.4168,-179.2623,5.086,0.0647,1.385993456,2.408940351,0.582871551
117,143,-2.445,-2.781902,-89.5256,8.0211,1446.7319,-371.0434,-179.4319,5.1048,0.0513,1.355518648,2.408992768,0.583250717
117,144,-2.445,-2.781902,-89.5256,7.9894,1476.9812,-370.8307,-179.5337,5.1134,0.0443,1.325243697,2.409013137,0.583504346
117,145,-2.445,-2.781902,-89.5256,8.1678,1507.6777,-370.2417,-179.6699,5.1181,0.0263,1.294793778,2.409041635,0.583748703
117,146,-2.445,-2.781902,-89.5256,8.0648,1537.8035,-370.3312,-179.781,5.1247,0.0225,1.264525546,2.409052091,0.583857028
117,147,-2.445,-2.781902,-89.5256,8.0672,1567.9608,-370.3707,-179.8831,5.1281,0.0123,1.234267521,2.409059914,0.583946902
117,148,-2.445,-2.781902,-89.5256,38.1794,1571.7622,-373.0192,-179.9587,5.1292,0.0082,1.230468909,2.439064802,0.581265001
117,149,-2.445,-2.781902,-89.5256,38.0994,1541.3898,-373.2576,-179.8836,5.1328,0.0099,1.260693827,2.439059681,0.581179069
117,150,-2.445,-2.781902,-89.5256,38.0651,1511.0148,-373.2322,-179.7127,5.126,0.0263,1.291144683,2.43904551,0.581089094
117,151,-2.445,-2.781902,-89.5256,38.0581,1480.6947,-373.501,-179.6142,5.1208,0.0344,1.321430695,2.439028145,0.580850124
117,152,-2.445,-2.781902,-89.5256,38.0752,1450.3401,-373.6094,-179.4547,5.1096,0.0452,1.351847356,2.43899924,0.580603081
117,153,-2.445,-2.781902,-89.5256,37.9756,1419.9681,-374.0584,-179.3394,5.0973,0.061,1.382182685,2.438965656,0.580245831
117,154,-2.445,-2.781902,-89.5256,37.9935,1389.6013,-374.4048,-179.1949,5.0823,0.0688,1.412576769,2.438921278,0.579854938
117,155,-2.445,-2.781902,-89.5256,37.8664,1359.1685,-374.9553,-179.0468,5.062,0.0854,1.44299127,2.438864424,0.579362407
117,156,-2.445,-2.781902,-89.5256,37.8484,1328.7711,-375.4454,-178.8862,5.0375,0.0971,1.4734248,2.438798018,0.578811147
117,157,-2.445,-2.781902,-89.5256,37.7176,1298.3177,-376.0631,-178.7021,5.0043,0.1146,1.503925383,2.4387093,0.578158612
117,158,-2.445,-2.781902,-89.5256,37.6715,1267.8364,-376.7881,-178.5175,4.9692,0.1266,1.534428218,2.438612507,0.577419414
117,159,-2.445,-2.781902,-89.5256,37.5028,1237.2882,-377.5597,-178.2729,4.917,0.1495,1.565075161,2.438471588,0.576571326
117,160,-2.445,-2.781902,-89.5256,37.4136,1206.6903,-378.5744,-178.0721,4.8724,0.1628,1.595636443,2.438343324,0.575600158
117,161,-2.445,-2.781902,-89.5256,37.1588,1175.8617,-379.6468,-177.7425,4.7864,0.1885,1.626526836,2.43810812,0.574491736
117,162,-2.445,-2.781902,-89.5256,37.03,1145.6976,-380.8633,-177.6537,4.7346,0.1979,1.656742502,2.437976193,0.573248987
117,163,-2.445,-2.781902,-89.5256,37.0319,1141.2518,-381.0364,-177.6419,4.7302,0.1944,1.661230576,2.437956596,0.573064356
117,164,-2.445,-2.781902,-89.5256,67.0251,1140.3492,-383.6097,-177.6451,4.7342,0.1981,1.662115686,2.467956596,0.570544356
117,165,-2.445,-2.781902,-89.5256,67.1998,1170.833,-382.4089,-177.8167,4.81,0.1822,1.631672965,2.468165573,0.571761658
117,166,-2.445,-2.781902,-89.5256,67.3149,1201.4393,-381.3607,-178.0836,4.8742,0.1647,1.60096659,2.468344713,0.572875442
117,167,-2.445,-2.781902,-89.5256,67.4592,1232.0867,-380.4318,-178.3305,4.9317,0.1448,1.570291149,2.468498566,0.573815374
117,168,-2.445,-2.781902,-89.5256,67.6635,1262.7535,-379.4944,-178.5563,4.9765,0.1247,1.539658369,2.46863241,0.574685186
117,169,-2.445,-2.781902,-89.5256,67.6875,1293.1243,-378.8527,-178.7309,5.0092,0.1121,1.509198467,2.468721198,0.57539996
117,170,-2.445,-2.781902,-89.5256,67.8234,1323.7388,-378.2104,-178.9795,5.0513,0.0903,1.478524331,2.468833763,0.576074936
117,171,-2.445,-2.781902,-89.5256,67.8144,1354.0521,-377.6302,-179.0621,5.0634,0.0859,1.44828081,2.468871407,0.576608173
117,172,-2.445,-2.781902,-89.5256,67.9683,1384.5736,-377.1736,-179.2869,5.0996,0.0645,1.417674267,2.468970947,0.577119295
117,173,-2.445,-2.781902,-89.5256,68.3157,1414.7123,-376.7661,-179.3048,5.2439,0.0657,1.387608175,2.469373742,0.577463428
117,174,-2.445,-2.781902,-89.5256,69.2913,1445.1372,-376.518,-179.4827,5.602,0.0504,1.357126179,2.470363087,0.577744107
117,175,-2.445,-2.781902,-89.5256,69.262,1475.2996,-376.3295,-179.5471,5.6105,0.0463,1.326948087,2.470384028,0.577970223
117,176,-2.445,-2.781902,-89.5256,69.3257,1505.5928,-376.1226,-179.6645,5.6181,0.0349,1.296631142,2.470418484,0.578194926
117,177,-2.445,-2.781902,-89.5256,69.4005,1535.9712,-376.0005,-179.79,5.6292,0.0206,1.266274007,2.470447838,0.578297733
117,178,-2.445,-2.781902,-89.5256,69.3746,1566.1263,-375.9257,-179.8463,5.633,0.0169,1.236117695,2.470455867,0.578378524
117,179,-2.445,-2.781902,-89.5256,99.264,1573.4098,-379.5183,-179.9193,5.5804,0.0128,1.228824776,2.500310192,0.574795323
117,180,-2.445,-2.781902,-89.5256,99.321,1542.9722,-379.5513,-179.7912,5.5855,0.0185,1.259181936,2.500321575,0.574793128
117,181,-2.445,-2.781902,-89.5256,99.2617,1512.5782,-379.5914,-179.6654,5.5908,0.0327,1.289539088,2.500332957,0.574790131
117,182,-2.445,-2.781902,-89.5256,99.2696,1482.2612,-379.5452,-179.5326,5.5972,0.0459,1.319896229,2.50034434,0.574786333
117,183,-2.445,-2.781902,-89.5256,99.238,1451.8389,-379.6263,-179.4117,5.6015,0.058,1.350253358,2.500355721,0.574781733
117,184,-2.445,-2.781902,-89.5256,99.2603,1421.8243,-379.699,-179.3536,5.5919,0.0635,1.38037534,2.500336243,0.574542232
117,185,-2.445,-2.781902,-89.5256,99.2368,1391.7565,-380.0872,-179.3536,5.5761,0.062,1.410392171,2.500302964,0.574197912
117,186,-2.445,-2.781902,-89.5256,99.1509,1361.2184,-380.5048,-179.1589,5.5428,0.0779,1.440926761,2.500196089,0.573766585
117,187,-2.445,-2.781902,-89.5256,99.0193,1330.9302,-380.9455,-179.0326,5.5127,0.0937,1.47126443,2.500116495,0.573278015
117,188,-2.445,-2.781902,-89.5256,98.9396,1300.4395,-381.4623,-178.8358,5.4612,0.1102,1.501799221,2.4999791,0.572704518
117,189,-2.445,-2.781902,-89.5256,98.7938,1270.0076,-382.1426,-178.6727,5.4164,0.1261,1.532247056,2.499852229,0.57204591
117,190,-2.445,-2.781902,-89.5256,98.5115,1239.2922,-382.8939,-178.4041,5.3224,0.1494,1.562983466,2.499592176,0.571300817
117,191,-2.445,-2.781902,-89.5256,98.0807,1209.1443,-383.7063,-178.3472,5.1491,0.1479,1.593131225,2.499106228,0.57047415
117,192,-2.445,-2.781902,-89.5256,97.2742,1178.0806,-384.6439,-177.9135,4.8334,0.1766,1.62430568,2.498240865,0.569485811
117,193,-2.445,-2.781902,-89.5256,97.1149,1147.6536,-385.7838,-177.7581,4.7951,0.1894,1.654728293,2.498127774,0.568350264
117,194,-2.445,-2.781902,-89.5256,97.0119,1139.4933,-386.0505,-177.637,4.7331,0.194,1.663000795,2.497956596,0.568024356
117,195,-2.445,-2.781902,-89.5256,127.964,1139.3105,-388.8353,-177.9282,5.1201,0.1912,1.663106486,2.529019432,0.565338036
117,196,-2.445,-2.781902,-89.5256,128.1756,1169.6877,-387.7591,-178.054,5.2206,0.1775,1.63277759,2.529293954,0.566400355
117,197,-2.445,-2.781902,-89.5256,128.5404,1200.6136,-386.7703,-178.4163,5.3458,0.1465,1.601788216,2.529642138,0.567405111
117,198,-2.445,-2.781902,-89.5256,128.7014,1230.8972,-386.5656,-178.5418,5.388,0.136,1.57145172,2.529773365,0.56765011
117,199,-2.445,-2.781902,-89.5256,128.6903,1261.2229,-386.5823,-178.6668,5.3866,0.1235,1.541109556,2.529761123,0.567659774
117,200,-2.445,-2.781902,-89.5256,128.6406,1291.5969,-386.5386,-178.7856,5.38,0.116,1.510767363,2.529748881,0.567668702
117,201,-2.445,-2.781902,-89.5256,128.6413,1321.9056,-386.5735,-178.911,5.3773,0.1026,1.480425143,2.529736638,0.567676894
117,202,-2.445,-2.781902,-89.5256,128.6537,1352.2339,-386.558,-179.0331,5.3717,0.0915,1.4500829,2.529724394,0.56768435
117,203,-2.445,-2.781902,-89.5256,128.6462,1382.5872,-386.5422,-179.1554,5.3666,0.0803,1.419740634,2.529712149,0.56769107
117,204,-2.445,-2.781902,-89.5256,128.6304,1412.8805,-386.5771,-179.282,5.3621,0.0659,1.38939835,2.529699904,0.567697053
117,205,-2.445,-2.781902,-89.5256,128.639,1443.1865,-386.616,-179.4072,5.3584,0.0558,1.359056048,2.529687658,0.5677023
117,206,-2.445,-2.781902,-89.5256,128.5866,1473.5443,-386.6088,-179.5288,5.3534,0.0468,1.328713732,2.529675411,0.567706811
117,207,-2.445,-2.781902,-89.5256,128.6343,1503.8486,-386.6313,-179.6551,5.3499,0.0319,1.298371404,2.529663164,0.567710585
117,208,-2.445,-2.781902,-89.5256,128.597,1534.2297,-386.5714,-179.7731,5.3442,0.0234,1.268029066,2.529650916,0.567713622
117,209,-2.445,-2.781902,-89.5256,128.6441,1564.5315,-386.6242,-179.9013,5.3368,0.0094,1.23768672,2.529638669,0.567715923
118,1,-2.045,-2.780279,-89.5021,-60.8257,1589.7156,-353.984,-179.9284,-2.153,-0.0051,1.212533974,1.938758643,0.600391225
118,2,-2.045,-2.780279,-89.5021,-60.8595,1559.0399,-354.1702,-179.7269,-2.1437,-0.0097,1.243114745,1.938775486,0.600257426
118,3,-2.045,-2.780279,-89.5021,-60.8762,1528.7251,-354.2687,-179.6107,-2.1398,-0.0138,1.273435391,1.938784234,0.600125444
118,4,-2.045,-2.780279,-89.5021,-60.8441,1498.058,-354.5003,-179.3638,-2.1249,-0.0231,1.304121791,1.938824044,0.599873438
118,5,-2.045,-2.780279,-89.5021,-60.8158,1467.5951,-354.9038,-179.2151,-2.1147,-0.0271,1.334547994,1.938853832,0.599507184
118,6,-2.045,-2.780279,-89.5021,-60.7576,1436.9504,-355.3147,-178.9627,-2.0869,-0.0362,1.365240691,1.938930195,0.599054178
118,7,-2.045,-2.780279,-89.5021,-60.7003,1406.5669,-355.8572,-178.8113,-2.0686,-0.0411,1.395653559,1.938978515,0.598482369
118,8,-2.045,-2.780279,-89.5021,-60.5399,1375.7174,-356.5825,-178.5168,-2.0211,-0.0531,1.42648284,1.939114805,0.59783058
118,9,-2.045,-2.780279,-89.5021,-60.5151,1345.4762,-357.2335,-178.3772,-2.0004,-0.0557,1.456837221,1.939172396,0.597046861
118,10,-2.045,-2.780279,-89.5021,-61.4291,1314.6436,-358.1268,-178.0594,-2.3586,-0.0806,1.487711779,1.938177808,0.596138249
118,11,-2.045,-2.780279,-89.5021,-63.6063,1284.1721,-359.2973,-177.8717,-3.1853,-0.119,1.518206385,1.935874427,0.594947508
118,12,-2.045,-2.780279,-89.5021,-64.291,1253.6615,-360.5278,-177.6667,-3.4229,-0.1334,1.548745616,1.935202983,0.593691774
118,13,-2.045,-2.780279,-89.5021,-63.7055,1223.0865,-361.8053,-177.4445,-3.2198,-0.1435,1.579340235,1.935765558,0.592408401
118,14,-2.045,-2.780279,-89.5021,-62.6493,1192.3418,-363.1437,-177.1529,-2.8237,-0.1416,1.61013032,1.936866633,0.591063097
118,15,-2.045,-2.780279,-89.5021,-62.6928,1161.4912,-364.8246,-176.8113,-2.8375,-0.1599,1.641033877,1.936825067,0.589350283
118,16,-2.045,-2.780279,-89.5021,-62.9162,1138.6478,-366.0908,-176.7338,-2.926,-0.168,1.663949095,1.936583889,0.588022261
118,17,-2.045,-2.780279,-89.5021,-31.4496,1101.5853,-366.9689,-176.4011,-2.353,-0.145,1.701076408,1.968172964,0.587119088
118,18,-2.045,-2.780279,-89.5021,-29.3799,1131.7549,-365.2265,-176.4919,-1.5397,-0.0943,1.670925621,1.970434717,0.589005069
118,19,-2.045,-2.780279,-89.5021,-29.4972,1162.629,-363.4722,-176.8519,-1.5785,-0.0846,1.639980826,1.97034298,0.59079073
118,20,-2.045,-2.780279,-89.5021,-29.7014,1193.3591,-361.9195,-177.1448,-1.669,-0.083,1.609202774,1.970088648,0.592344678
118,21,-2.045,-2.780279,-89.5021,-30.0067,1224.2377,-360.503,-177.4907,-1.7796,-0.0773,1.578268862,1.969782941,0.593776054
118,22,-2.045,-2.780279,-89.5021,-30.1908,1254.9407,-359.173,-177.7524,-1.8575,-0.0715,1.547552969,1.969569038,0.595085288
118,23,-2.045,-2.780279,-89.5021,-30.3864,1285.7552,-358.0947,-178.074,-1.93,-0.0638,1.516679842,1.969363731,0.596202274
118,24,-2.045,-2.780279,-89.5021,-30.5044,1316.2366,-356.9967,-178.2469,-1.9762,-0.0579,1.486207252,1.969242265,0.597262904
118,25,-2.045,-2.780279,-89.5021,-30.6258,1347.0303,-356.1476,-178.5537,-2.0288,-0.0501,1.455364351,1.969093876,0.598132115
118,26,-2.045,-2.780279,-89.5021,-30.6712,1377.3885,-355.3269,-178.6855,-2.0551,-0.0452,1.4250041,1.969024899,0.598947543
118,27,-2.045,-2.780279,-89.5021,-30.7941,1408.1306,-354.7222,-178.9846,-2.0907,-0.0348,1.394182845,1.968922414,0.599597499
118,28,-2.045,-2.780279,-89.5021,-30.838,1438.3828,-354.2259,-179.0986,-2.105,-0.0315,1.363883561,1.968882995,0.600186139
118,29,-2.045,-2.780279,-89.5021,-30.843,1469.2439,-353.6679,-179.3893,-2.1289,-0.0229,1.333054255,1.968819081,0.600636516
118,30,-2.045,-2.780279,-89.5021,-30.8608,1499.5361,-353.3078,-179.5009,-2.1366,-0.0189,1.302746222,1.96879808,0.601011523
118,31,-2.045,-2.780279,-89.5021,-29.8643,1530.2539,-353.084,-179.7852,-1.7461,-0.0059,1.271965878,1.969876941,0.601293282
118,32,-2.045,-2.780279,-89.5021,-28.7914,1560.2451,-352.9874,-179.7897,-1.3436,-0.0039,1.241957879,1.971006526,0.601451517
118,33,-2.045,-2.780279,-89.5021,-28.0144,1590.2983,-352.8077,-179.7884,-1.0506,-0.0067,1.211952481,1.971822485,0.601594101
118,34,-2.045,-2.780279,-89.5021,2.1268,1579.5062,-352.3888,-179.9483,-0.9842,0.0038,1.222610783,2.002002349,0.602069706
118,35,-2.045,-2.780279,-89.5021,2.1657,1549.2095,-352.4062,-179.8167,-0.9811,-0.0034,1.2529589,2.002013945,0.601939078
118,36,-2.045,-2.780279,-89.5021,2.158,1518.6305,-352.5761,-179.6105,-0.9741,-0.0061,1.283538693,2.002031976,0.601809588
118,37,-2.045,-2.780279,-89.5021,2.2006,1488.1329,-352.9133,-179.4386,-0.9629,-0.0104,1.314024798,2.002063052,0.601489827
118,38,-2.045,-2.780279,-89.5021,2.1739,1457.5984,-353.2467,-179.2316,-0.9458,-0.0115,1.344591385,2.002106468,0.601128759
118,39,-2.045,-2.780279,-89.5021,2.2672,1427.1019,-353.7039,-179.0419,-0.9255,-0.0158,1.375117975,2.002167404,0.600621012
118,40,-2.045,-2.780279,-89.5021,2.3726,1396.5875,-354.2538,-178.8427,-0.9003,-0.0174,1.405666399,2.002238423,0.60005554
118,41,-2.045,-2.780279,-89.5021,2.4283,1366.0074,-354.955,-178.6238,-0.8644,-0.0211,1.436267693,2.002339474,0.599348125
118,42,-2.045,-2.780279,-89.5021,2.5197,1335.4518,-355.7035,-178.4126,-0.8273,-0.0232,1.466847424,2.002442331,0.598569509
118,43,-2.045,-2.780279,-89.5021,2.7156,1304.7625,-356.612,-178.1404,-0.7672,-0.0265,1.49758731,2.002612438,0.597632336
118,44,-2.045,-2.780279,-89.5021,2.7912,1274.2306,-357.5943,-177.9311,-0.7221,-0.0258,1.528155647,2.002736481,0.596633689
118,45,-2.045,-2.780279,-89.5021,3.1086,1243.3231,-358.7909,-177.5848,-0.6248,-0.0289,1.559102981,2.003008676,0.595436918
118,46,-2.045,-2.780279,-89.5021,3.1553,1212.8339,-360.0186,-177.3904,-0.5766,-0.0255,1.589621985,2.003141069,0.59419733
118,47,-2.045,-2.780279,-89.5021,1.9934,1182.0764,-361.4694,-177.0766,-1.0314,-0.0528,1.620453701,2.00187393,0.592700031
118,48,-2.045,-2.780279,-89.5021,0.6507,1151.2809,-363.0922,-176.7501,-1.5557,-0.0894,1.65131411,2.000412813,0.591034934
118,49,-2.045,-2.780279,-89.5021,0.8761,1120.7584,-365.0234,-176.5166,-1.4525,-0.0896,1.681898554,2.000691769,0.589074023
118,50,-2.045,-2.780279,-89.5021,1.2611,1100.6852,-366.2798,-176.6106,-1.2995,-0.0771,1.701879989,2.001116836,0.587860202
118,51,-2.045,-2.780279,-89.5021,34.2467,1099.7292,-365.9333,-176.6228,-0.1318,-0.0039,1.702893873,2.034357912,0.588220439
118,52,-2.045,-2.780279,-89.5021,33.9013,1129.446,-364.2127,-176.5108,-0.2761,-0.0177,1.673268764,2.033972543,0.589992583
118,53,-2.045,-2.780279,-89.5021,33.5261,1160.47,-362.3871,-176.9261,-0.424,-0.0234,1.642166211,2.033560576,0.591843256
118,54,-2.045,-2.780279,-89.5021,33.274,1191.2719,-360.7986,-177.2472,-0.5266,-0.0257,1.61131313,2.033278975,0.593439078
118,55,-2.045,-2.780279,-89.5021,32.9153,1222.3013,-359.3864,-177.6604,-0.6386,-0.024,1.580199575,2.032960601,0.594885098
118,56,-2.045,-2.780279,-89.5021,32.8588,1252.697,-358.0636,-177.8156,-0.6916,-0.0265,1.549785013,2.032823023,0.596194551
118,57,-2.045,-2.780279,-89.5021,33.6493,1283.5424,-356.9407,-178.1429,-0.3648,-0.0096,1.518893813,2.033727502,0.597344056
118,58,-2.045,-2.780279,-89.5021,35.9719,1313.5659,-356.0036,-178.1679,0.4953,0.0146,1.488844749,2.036124881,0.598320201
118,59,-2.045,-2.780279,-89.5021,36.3631,1344.3698,-355.1892,-178.4645,0.6562,0.0183,1.45802032,2.036582816,0.599123773
118,60,-2.045,-2.780279,-89.5021,36.3527,1374.6655,-354.5179,-178.5932,0.6392,0.0148,1.42767895,2.036536804,0.599849559
118,61,-2.045,-2.780279,-89.5021,36.1907,1405.4358,-353.9041,-178.8813,0.5974,0.0124,1.396878358,2.03641726,0.600457647
118,62,-2.045,-2.780279,-89.5021,36.2354,1435.8154,-353.2992,-178.9892,0.5815,0.0099,1.366559877,2.036384818,0.600980242
118,63,-2.045,-2.780279,-89.5021,36.1618,1466.4423,-352.9668,-179.2576,0.5523,0.008,1.335833882,2.036305366,0.601404856
118,64,-2.045,-2.780279,-89.5021,36.0775,1496.7904,-352.5895,-179.3599,0.5464,0.0085,1.305532222,2.036285274,0.601737044
118,65,-2.045,-2.780279,-89.5021,36.0751,1527.4358,-352.411,-179.6304,0.5307,0.0038,1.274792434,2.036239637,0.601977899
118,66,-2.045,-2.780279,-89.5021,36.0822,1557.7181,-352.2551,-179.7171,0.5266,0.0029,1.244539389,2.036232873,0.602097636
118,67,-2.045,-2.780279,-89.5021,36.0645,1588.0964,-352.1381,-179.8485,0.5239,0.0021,1.21417094,2.0362224,0.602218318
118,68,-2.045,-2.780279,-89.5021,66.1085,1581.5804,-352.4366,-179.9234,0.5188,0.0055,1.220618576,2.066215747,0.60192116
118,69,-2.045,-2.780279,-89.5021,66.0189,1551.108,-352.5656,-179.7624,0.532,0.0044,1.251065233,2.066229249,0.601795084
118,70,-2.045,-2.780279,-89.5021,66.0327,1520.6949,-352.712,-179.6207,0.5359,0.0054,1.281468171,2.066240015,0.601674523
118,71,-2.045,-2.780279,-89.5021,66.1056,1490.1697,-353.0123,-179.4318,0.5485,0.0051,1.311995533,2.066271809,0.601380853
118,72,-2.045,-2.780279,-89.5021,66.1402,1459.7039,-353.3025,-179.2519,0.5581,0.007,1.342492105,2.066305177,0.6010405
118,73,-2.045,-2.780279,-89.5021,66.1604,1429.1677,-353.8108,-179.0645,0.5784,0.0119,1.373018409,2.066360592,0.60056563
118,74,-2.045,-2.780279,-89.5021,66.2424,1398.6914,-354.3043,-178.8796,0.5979,0.0106,1.403525366,2.066415949,0.600028193
118,75,-2.045,-2.780279,-89.5021,66.2917,1368.1562,-354.9356,-178.6627,0.6277,0.016,1.434116168,2.066501167,0.599362264
118,76,-2.045,-2.780279,-89.5021,66.3971,1337.6377,-355.6501,-178.4621,0.6566,0.0175,1.464666359,2.066581206,0.59861601
118,77,-2.045,-2.780279,-89.5021,66.4714,1306.9618,-356.5424,-178.2049,0.7034,0.0232,1.495372756,2.066712545,0.59772735
118,78,-2.045,-2.780279,-89.5021,66.587,1276.4003,-357.4873,-177.99,0.7392,0.0263,1.525956556,2.066813772,0.596761033
118,79,-2.045,-2.780279,-89.5021,66.7802,1245.5931,-358.5871,-177.6484,0.8164,0.0333,1.556874275,2.067021639,0.595604052
118,80,-2.045,-2.780279,-89.5021,66.8432,1215.0581,-359.7695,-177.4344,0.8519,0.0396,1.587447153,2.067128327,0.594402668
118,81,-2.045,-2.780279,-89.5021,67.1062,1183.9779,-361.2141,-177.0164,0.9531,0.0515,1.618578346,2.067412762,0.592939903
118,82,-2.045,-2.780279,-89.5021,67.2572,1153.4028,-362.6763,-176.781,0.9986,0.0566,1.649203108,2.067540246,0.591456264
118,83,-2.045,-2.780279,-89.5021,66.4167,1122.6635,-364.445,-176.4827,0.6816,0.0432,1.679988614,2.06665848,0.589673529
118,84,-2.045,-2.780279,-89.5021,64.2557,1098.6517,-365.8905,-176.6188,-0.1412,-0.01,1.703924344,2.064357912,0.588236264
118,85,-2.045,-2.780279,-89.5021,97.7103,1097.8499,-366.5866,-176.6724,1.2047,0.0766,1.704791256,2.098097182,0.587570776
118,86,-2.045,-2.780279,-89.5021,97.4815,1127.3363,-364.8816,-176.4789,1.1039,0.0676,1.675386755,2.097830459,0.589299943
118,87,-2.045,-2.780279,-89.5021,97.1711,1158.2687,-363.0834,-176.875,0.986,0.053,1.644354904,2.097497018,0.591161022
118,88,-2.045,-2.780279,-89.5021,96.9698,1189.1399,-361.5452,-177.2205,0.9087,0.0446,1.61343023,2.097285969,0.592713615
118,89,-2.045,-2.780279,-89.5021,96.7861,1219.9962,-360.1117,-177.5523,0.8362,0.0349,1.582530626,2.097075673,0.59414203
118,90,-2.045,-2.780279,-89.5021,96.6506,1250.6783,-358.8516,-177.8242,0.7767,0.0292,1.551802057,2.096911519,0.595427838
118,91,-2.045,-2.780279,-89.5021,96.534,1281.4551,-357.7663,-178.1236,0.7204,0.0217,1.520982301,2.096757955,0.596522469
118,92,-2.045,-2.780279,-89.5021,96.3941,1312.0029,-356.6992,-178.3158,0.68,0.0209,1.490451713,2.096648578,0.597551092
118,93,-2.045,-2.780279,-89.5021,96.3179,1342.7418,-355.8875,-178.607,0.638,0.0151,1.459653142,2.096529434,0.59838863
118,94,-2.045,-2.780279,-89.5021,96.2672,1373.1282,-355.098,-178.7455,0.6122,0.0129,1.429271675,2.096462978,0.599176095
118,95,-2.045,-2.780279,-89.5021,96.1593,1403.74,-354.5732,-179.0225,0.5839,0.0102,1.398528897,2.096377596,0.599802839
118,96,-2.045,-2.780279,-89.5021,96.1504,1434.1255,-353.9462,-179.1339,0.566,0.0089,1.368202045,2.096335935,0.600365508
118,97,-2.045,-2.780279,-89.5021,96.085,1464.7855,-353.5305,-179.3885,0.5459,0.0068,1.337495586,2.096280227,0.600805695
118,98,-2.045,-2.780279,-89.5021,96.0096,1495.1003,-353.2217,-179.5144,0.5387,0.0082,1.307152326,2.09625646,0.601161684
118,99,-2.045,-2.780279,-89.5021,96.0773,1525.707,-352.9397,-179.7354,0.5284,0.0024,1.276531437,2.09623157,0.601417687
118,100,-2.045,-2.780279,-89.5021,95.9705,1556.1039,-352.8336,-179.8817,0.5245,0.0052,1.246126158,2.096219736,0.601544249
118,101,-2.045,-2.780279,-89.5021,96.0433,1586.411,-352.6498,-179.977,0.5218,0.0008,1.215847782,2.096211072,0.601671169
118,102,-2.045,-2.780279,-89.5021,130.3193,1583.2941,-353.4579,-179.7957,2.1938,0.0168,1.218929775,2.130850892,0.600976078
118,103,-2.045,-2.780279,-89.5021,130.3869,1553.0465,-353.5164,-179.7136,2.1883,0.0112,1.24914861,2.130854282,0.600862637
118,104,-2.045,-2.780279,-89.5021,130.39,1522.7743,-353.67,-179.6394,2.1911,0.0135,1.279367443,2.130857672,0.600748897
118,105,-2.045,-2.780279,-89.5021,130.4033,1492.092,-353.8927,-179.3767,2.2,0.023,1.310096547,2.130885487,0.600495621
118,106,-2.045,-2.780279,-89.5021,130.4654,1461.8308,-354.1774,-179.2797,2.204,0.0252,1.340359388,2.130895747,0.600178924
118,107,-2.045,-2.780279,-89.5021,130.4295,1431.1702,-354.5518,-179.0194,2.22,0.0392,1.371078372,2.130941905,0.599755695
118,108,-2.045,-2.780279,-89.5021,130.472,1400.8409,-355.0984,-178.9216,2.227,0.0409,1.401358665,2.130958063,0.599254559
118,109,-2.045,-2.780279,-89.5021,129.2606,1370.1923,-355.5729,-178.641,1.7711,0.0438,1.432121071,2.129697317,0.598701217
118,110,-2.045,-2.780279,-89.5021,127.1931,1340.0759,-356.2935,-178.6113,0.9743,0.0239,1.462203011,2.127474477,0.597997763
118,111,-2.045,-2.780279,-89.5021,126.4631,1309.3444,-357.1284,-178.3217,0.6747,0.0185,1.492994969,2.126642704,0.59712068
118,112,-2.045,-2.780279,-89.5021,126.4415,1279.0095,-358.1839,-178.2063,0.7063,0.0235,1.52330773,2.126712657,0.596088191
118,113,-2.045,-2.780279,-89.5021,126.5913,1248.0734,-359.3119,-177.8348,0.7724,0.0303,1.55431786,2.126898333,0.594931527
118,114,-2.045,-2.780279,-89.5021,126.6971,1217.6979,-360.5991,-177.6846,0.8084,0.0332,1.584709648,2.127003018,0.593616792
118,115,-2.045,-2.780279,-89.5021,126.9244,1186.6329,-362.0452,-177.256,0.8964,0.0446,1.615862754,2.12724893,0.592138379
118,116,-2.045,-2.780279,-89.5021,127.1108,1155.8337,-363.6306,-176.9312,0.9718,0.0546,1.646722233,2.127459515,0.590517122
118,117,-2.045,-2.780279,-89.5021,127.3533,1124.8734,-365.4952,-176.5394,1.0693,0.0672,1.677753649,2.127732248,0.588607323
118,118,-2.045,-2.780279,-89.5021,127.7055,1096.7971,-367.234,-176.6678,1.2001,0.0717,1.70580302,2.128097182,0.586886172
