group_id,point_id,x,y,z,rx,ry,rz,speed,comment
4,1,1.21253397382024,1.93875864287794,0.605391225233352,-1.56649991610785,-0.063682551232539,3.07418284881292,30,
4,2,1.24311474500433,1.9387754857637,0.605257425748396,-1.56813683602436,-0.0463636137628049,3.08427329138063,30,
4,3,1.27343539094149,1.93878423443329,0.60512544449551,-1.56839192214705,-0.0457763933556669,3.08909479972666,30,
4,4,1.30412179089779,1.93882404381702,0.604873437798579,-1.56848775344038,-0.0494528311255807,3.09492462478457,30,
4,5,1.33454799373718,1.93885383229165,0.604507183915498,-1.56867043454171,-0.0490038451230836,3.0982178619894,30,
4,6,1.36524069141247,1.93893019514125,0.604054178127644,-1.56890977405504,-0.0530705928857691,3.10604161318338,30,
4,7,1.39565355920812,1.9389785154859,0.603482369372605,-1.56919263909265,-0.0461417490648681,3.10685298851221,30,
4,8,1.42648283965704,1.93911480519092,0.602830580412367,-1.56987990468911,-0.0354537632839846,3.11574017374042,30,
4,9,1.45683722095816,1.93917239593877,0.602046861081988,-1.56993922455903,-0.0357889728617085,3.1176358304533,30,
4,10,1.48771177897471,1.93817780841345,0.601138249337772,-1.57010013907292,-0.0364400734004208,3.1224854433116,30,
4,11,1.51820638516203,1.93587442744751,0.599947508012098,-1.57016946701973,-0.0366905178646274,3.12450035556322,30,
4,12,1.54874561568184,1.93520298265132,0.598691774174912,-1.57028634173758,-0.0370079699748016,3.12780711995209,30,
4,13,1.57934023486455,1.93576555811717,0.597408401459736,-1.5704118693028,-0.0372475442879578,3.13126550906558,30,
4,14,1.61013031968904,1.93686663343991,0.596063096745249,-1.57051655863096,-0.037405172272701,3.13411074069107,30,
4,15,1.64103387653011,1.93682506655784,0.59435028299664,-1.5706589325282,-0.0375144279589183,3.13792831068552,30,
4,16,1.66394909538468,1.93658388947379,0.593022261337223,-1.57074236116748,-0.0375784070133692,3.14015453506397,30,
4,17,1.70107640807271,1.96817296388225,0.592119087658711,-1.57086014817069,-0.0375730233717061,-3.1398919155662,30,
4,18,1.67092562071399,1.9704347166809,0.594005068799943,-1.57099622459651,-0.0374672023712986,-3.136255154579,30,
4,19,1.63998082589698,1.97034298009896,0.595790730141785,-1.57107105960476,-0.0374120095837539,-3.13424652080897,30,
4,20,1.60920277413479,1.97008864815902,0.597344678403181,-1.57122911475588,-0.0371615172086021,-3.1299426392642,30,
4,21,1.5782688617765,1.96978294075962,0.598776053969646,-1.57132601548401,-0.0369739379117227,-3.12726150685524,30,
4,22,1.54755296855408,1.96956903760232,0.6000852883337,-1.57147816852885,-0.0364937737487169,-3.12290446273308,30,
4,23,1.51667984186025,1.96936373135544,0.601202273633408,-1.57156712119683,-0.0361897343347488,-3.12028722107146,30,
4,24,1.48620725210078,1.96924226539061,0.602262903756116,-1.57173401178856,-0.0353331473510217,-3.11505398192377,30,
4,25,1.45536435133072,1.96909387567114,0.603132115320437,-1.57180392824258,-0.0349709106061993,-3.11277343695432,30,
4,26,1.42500409959391,1.96902489854808,0.603947542702129,-1.57221276810864,-0.0411817748000696,-3.10720643418255,30,
4,27,1.39418284507624,1.96892241409994,0.604597499059168,-1.57289590508766,-0.0555796545196404,-3.10393746875773,30,
4,28,1.36388356128736,1.96888299509193,0.605186138706474,-1.57325928647707,-0.0597721273988612,-3.10038444620457,30,
4,29,1.33305425456313,1.96881908102891,0.605636516487137,-1.57332672986847,-0.0562439240671811,-3.09649596817175,30,
4,30,1.30274622158448,1.96879808013696,0.606011522539668,-1.57327480829467,-0.0493472463320376,-3.0913772377555,30,
4,31,1.27196587792102,1.96987694090883,0.606293281701957,-1.57358456224302,-0.0495912527242409,-3.08541783103277,30,
4,32,1.24195787867804,1.97100652617286,0.606451517297233,-1.57373310295022,-0.0510945292345167,-3.08415341322637,30,
4,33,1.2119524814142,1.97182248471897,0.606594101145703,-1.57340076581166,-0.0411541348856107,-3.07837400764933,30,
4,34,1.2226107825312,2.00200234944293,0.607069705685489,-1.57247094568552,-0.0270402976794953,-3.07971720750376,30,
4,35,1.2529588995014,2.00201394540436,0.606939078415083,-1.57233380488491,-0.0276229153511634,-3.08595088538305,30,
4,36,1.28353869304647,2.00203197590875,0.606809588403448,-1.57227312018053,-0.0292185915096093,-3.09106052390003,30,
4,37,1.31402479800411,2.00206305172142,0.606489827053711,-1.57218133509953,-0.0311366431401062,-3.09711045091052,30,
4,38,1.34459138549828,2.0021064680858,0.606128758922154,-1.5720899012758,-0.0324792534956179,-3.10176216397993,30,
4,39,1.3751179752819,2.00216740370134,0.605621012423084,-1.57195280075586,-0.0337690743732104,-3.10735207970883,30,
4,40,1.4056663994315,2.00223842290691,0.605055539812441,-1.57187249932069,-0.0345317107407314,-3.11042390503366,30,
4,41,1.43626769292212,2.0023394736489,0.604348125046592,-1.57171176869701,-0.0354646657330099,-3.11577552235217,30,
4,42,1.4668474237593,2.00244233144714,0.603569509288105,-1.57163954251184,-0.0358979580068364,-3.11809814231891,30,
4,43,1.49758731016246,2.0026124379794,0.602632335766711,-1.57146526244351,-0.036542684626139,-3.12328121879638,30,
4,44,1.52815564681253,2.00273648119213,0.601633689443581,-1.5713995958247,-0.0367903951022165,-3.12518990693794,30,
4,45,1.55910298114793,2.0030086755783,0.600436917636357,-1.5712123740564,-0.0371927491343722,-3.13040164206032,30,
4,46,1.58962198456259,2.00314106942993,0.599197330246828,-1.57114137377356,-0.0373248276272805,-3.13234400805958,30,
4,47,1.62045370072214,2.00187392968394,0.597700030941314,-1.57092957248519,-0.030579350414021,-3.1372375295111,30,
4,48,1.65131410952334,2.00041281307251,0.596034934491877,-1.57089756653395,-0.0235169168129108,-3.13729091713134,30,
4,49,1.68189855353264,2.00069176946318,0.594074022501726,-1.57087491353677,-0.0184160994545863,-3.1373272231358,30,
4,50,1.70187998894603,2.00111683565824,0.59286020201463,-1.57076111245769,-0.0208096893816347,3.14014005593657,30,
4,51,1.70289387314372,2.03435791150565,0.593220438911871,-1.57070054231212,-0.0257127586142574,3.13798442202188,30,
4,52,1.67326876443317,2.03397254338698,0.594992582825282,-1.57052368126234,-0.0356256422969713,3.13401809323558,30,
4,53,1.64216621121958,2.03356057640122,0.59684325573667,-1.57029307642785,-0.0370217773074692,3.1279942671319,30,
4,54,1.61131312988055,2.03327897488213,0.598439077707473,-1.57023464143868,-0.0369017555867716,3.12636804624889,30,
4,55,1.58019957470626,2.03296060067368,0.59988509846091,-1.57006102709654,-0.0363018280349239,3.12133136490384,30,
4,56,1.54978501289211,2.03282302271187,0.601194550973817,-1.56999860276884,-0.0360802025847483,3.1194787662884,30,
4,57,1.51889381315965,2.03372750200606,0.602344056328642,-1.56984010469292,-0.0352298480108599,3.11444601139151,30,
4,58,1.48884474883439,2.03612488143759,0.603320200888083,-1.5697713260917,-0.034843209984557,3.11217196689009,30,
4,59,1.45802032020486,2.03658281618749,0.60412377308436,-1.5696393130535,-0.0337647883027927,3.10733143639216,30,
4,60,1.42767895033862,2.03653680373595,0.604849559373368,-1.56956119150658,-0.0330768046634002,3.10425213757252,30,
4,61,1.39687835843094,2.03641725974351,0.605457646997371,-1.56947212242947,-0.0319420446220972,3.10013693216414,30,
4,62,1.36655987740149,2.03638481816743,0.60598024233208,-1.56938086625737,-0.0306026675428688,3.09535275493541,30,
4,63,1.33583388171789,2.03630536554241,0.606404855793093,-1.56932735298058,-0.0293384499377051,3.09152703631025,30,
4,64,1.30553222167699,2.03628527412491,0.606737043507126,-1.56922933947426,-0.0274747016755448,3.08464345193939,30,
4,65,1.27479243409625,2.03623963667088,0.606977899416011,-1.5688534447955,-0.0321476108796716,3.08135095157386,30,
4,66,1.24453938866515,2.03623287324625,0.607097636348949,-1.56824363021396,-0.0407331365630119,3.07898830620544,30,
4,67,1.21417094043271,2.03622239990346,0.607218317668896,-1.56933839486924,-0.0229109664492783,3.07803807314714,30,
4,68,1.22061857572595,2.06621574680494,0.606921159867971,-1.56926878983627,-0.0244172084368356,3.07909374262743,30,
4,69,1.25106523267917,2.06622924854735,0.60679508373445,-1.56945799075027,-0.0242423776566488,3.08664374371096,30,
4,70,1.2814681710473,2.06624001462545,0.606674522748576,-1.57006465174385,-0.0147416531586195,3.09236319673794,30,
4,71,1.31199553285185,2.06627180887314,0.606380853325379,-1.57032788148327,-0.0114509273011905,3.10066644025123,30,
4,72,1.34249210516438,2.06630517723053,0.606040499833162,-1.57032911457941,-0.0121952092253496,3.10326533470075,30,
4,73,1.3730184088626,2.06636059196204,0.605565630050097,-1.57035185261331,-0.0134142507125606,3.10846061506055,30,
4,74,1.40352536556275,2.06641594925727,0.60502819295068,-1.57037013026963,-0.0141014182377173,3.1113564997513,30,
4,75,1.43411616750449,2.06650116743038,0.604362263517937,-1.57040420735309,-0.0148108503993684,3.11510894202423,30,
4,76,1.46466635853987,2.06658120627388,0.603616010178008,-1.57044091647837,-0.0154458365964041,3.11857021654917,30,
4,77,1.49537275593059,2.06671254533624,0.602727349869363,-1.57047918725352,-0.0158933833636882,3.12162847667605,30,
4,78,1.5259565560255,2.06681377188133,0.601761032672517,-1.57052613060107,-0.0163444180458644,3.12505031970968,30,
4,79,1.55687427531753,2.06702163869931,0.600604052080202,-1.57056995992618,-0.0166587205490248,3.12799774090852,30,
4,80,1.58744715272666,2.06712832707077,0.599402667782583,-1.5706199122687,-0.0169026031036994,3.13114814856188,30,
4,81,1.61857834584163,2.06741276236014,0.597939903115791,-1.57067674429572,-0.0171130229381732,3.13460209520923,30,
4,82,1.64920310789233,2.06754024565258,0.596456263568683,-1.57070904516748,-0.0171743850055681,3.13650813023907,30,
4,83,1.67998861383291,2.06665847970696,0.594673529051713,-1.57076967384266,-0.017288044245002,3.14004681276635,30,
4,84,1.70392434358321,2.06435791150565,0.593236263771098,-1.57082245868211,-0.0172919135868881,-3.14007755392609,30,
4,85,1.70479125578832,2.0980971823818,0.59257077557937,-1.57085988510278,-0.0172193304919368,-3.13789941425128,30,
4,86,1.67538675471215,2.09783045897309,0.594299943412892,-1.57092149887731,-0.0171062826166944,-3.13427293078185,30,
4,87,1.64435490387685,2.09749701830983,0.596161022006028,-1.5709715764857,-0.0169115806788902,-3.13122253200202,30,
4,88,1.61343023007602,2.09728596915533,0.597713614706838,-1.57102793597258,-0.0166394864416584,-3.12766708140323,30,
4,89,1.58253062635658,2.09707567296941,0.599142030392241,-1.57107652532052,-0.0162577848091957,-3.12434761492233,30,
4,90,1.55180205704353,2.09691151855305,0.600427838098216,-1.57112358567879,-0.0158128860760236,-3.12088648888213,30,
4,91,1.52098230114629,2.09675795505911,0.601522468925771,-1.57116829940527,-0.0151800724566704,-3.1170751394818,30,
4,92,1.49045171289631,2.09664857804391,0.602551092397927,-1.57120607638575,-0.0145359229562239,-3.1133892922234,30,
4,93,1.45965314180621,2.09652943402214,0.603388630062606,-1.57123973528436,-0.0134711312608762,-3.10867334937715,30,
4,94,1.42927167466602,2.0964629780464,0.60417609515976,-1.57126040240629,-0.0126946105191871,-3.10501903494168,30,
4,95,1.39852889709059,2.09637759632415,0.604802838686165,-1.57126490231729,-0.0109917725241499,-3.09895145683176,30,
4,96,1.36820204487643,2.09633593469301,0.605365508285121,-1.57126420431165,-0.0101634838806608,-3.09555042595537,30,
4,97,1.33749558631856,2.09628022674351,0.605805695424735,-1.57172735300503,-0.0180707171718462,-3.09011679437775,30,
4,98,1.30715232566938,2.09625646027287,0.606161683757349,-1.57235131339734,-0.0271846123567908,-3.08444406357498,30,
4,99,1.27653143714417,2.09623156959643,0.606417686614984,-1.57235398403796,-0.0254373182929207,-3.08039838908861,30,
4,100,1.24612615780621,2.09621973597451,0.606544249116111,-1.57215731363207,-0.0227869148419413,-3.08193165212532,30,
4,101,1.2158477822641,2.09621107203647,0.60667116862217,-1.57094905839064,-0.0025642671053986,-3.08210137123971,30,
4,102,1.21892977467857,2.13085089207877,0.605976077738645,-1.57110186274679,-0.00496799359480902,-3.08008882839666,30,
4,103,1.24914860959262,2.1308542819333,0.605862637265921,-1.571204851428,-0.0075411678744233,-3.08732756903193,30,
4,104,1.2793674426993,2.13085767178577,0.605748896621616,-1.5712485498578,-0.00930131065926408,-3.09291702092015,30,
4,105,1.31009654683354,2.13088548709981,0.605495621408744,-1.57126505742829,-0.0112925185791089,-3.10008987973442,30,
4,106,1.34035938781371,2.13089574712009,0.605178924204658,-1.57126686404123,-0.0121530583291099,-3.10285700845523,30,
4,107,1.37107837171051,2.13094190491571,0.604755694514178,-1.57101236741037,-0.00650532783734679,-3.10856479926081,30,
4,108,1.40135866502284,2.13095806264001,0.604254558698682,-1.57052006801358,0.00847035106231081,-3.1089702972693,30,
4,109,1.43212107138733,2.12969731674525,0.60370121722355,-1.57048544013804,0.0113328252164744,-3.11418923468259,30,
4,110,1.46220301050209,2.12747447714073,0.602997763106835,-1.57051766793151,0.011045978388084,-3.11637741793983,30,
4,111,1.49299496875456,2.12664270376689,0.602120679681984,-1.57058836693814,0.010300200970646,-3.12142067796024,30,
4,112,1.52330772966205,2.12671265670828,0.601088190616935,-1.57061295612712,0.0100978648709932,-3.12343959098601,30,
4,113,1.55431786038874,2.12689833321299,0.599931527251131,-1.57066568967623,0.00960203801536602,-3.12799710293934,30,
4,114,1.58470964812017,2.12700301834403,0.598616791514285,-1.57068542314542,0.0094767006427189,-3.12989405137602,30,
4,115,1.61586275391921,2.12724893033113,0.597138378524275,-1.57073133439467,0.00919187326516126,-3.13452539227489,30,
4,116,1.64672223332176,2.12745951469191,0.595517122217586,-1.57074610477279,0.00914969201540661,-3.13610854796788,30,
4,117,1.67775364946503,2.12773224816712,0.593607322773561,-1.57076740017215,0.00908432267683604,-3.13841304381163,30,
4,118,1.70580301988221,2.1280971823818,0.591886172255344,-1.570805071235,0.00902152822507609,3.14062883588651,30,
5,1,1.7068147839761,2.1580971823818,0.591201568931318,-1.57082101511571,0.00907214048188152,3.13887746264606,30,
5,2,1.67702614076872,2.15767112713513,0.593139650944098,-1.57084950308245,0.00916182492301597,3.13579344355209,30,
5,3,1.64571882624371,2.15961789324344,0.595001840457513,-1.57088169107787,0.00931327416072083,3.13243857228883,30,
5,4,1.61562830109095,2.16097272848514,0.596416452774943,-1.57090208300428,0.00944251841950802,3.13039467769074,30,
5,5,1.58456890161563,2.1613037755172,0.597775065223536,-1.570950067258,0.00981346194803268,3.1259424825377,30,
5,6,1.55405791697515,2.1612590161432,0.598962988043632,-1.57097115848127,0.01001817946434,3.12415005142199,30,
5,7,1.5230831472203,2.16115544691227,0.600033863166132,-1.57103303242569,0.0106050624230518,3.11929560222634,30,
5,8,1.49251403735068,2.16110434819302,0.600974663739649,-1.57105960695071,0.0108888371087908,3.11743295932311,30,
5,9,1.46181935400518,2.16103942202979,0.601784210460774,-1.57090823545527,0.0037615794414668,3.1103542980802,30,
5,10,1.43128914258909,2.16099704458744,0.602500552251479,-1.57050340617831,-0.0080073903845397,3.10586704806022,30,
5,11,1.40071872457419,2.16095296120639,0.603100599163412,-1.57032874254484,-0.0109010911449695,3.09867883043398,30,
5,12,1.37024580920471,2.16092318581893,0.603611821257826,-1.5703322313791,-0.0101736257548044,3.09596726003144,30,
5,13,1.33973395676477,2.16089281962121,0.604034063777043,-1.57037191965373,-0.00818523736381052,3.08973751635777,30,
5,14,1.30928594316549,2.1608750347893,0.6043561490127,-1.57040989944577,-0.0068822029366827,3.08547173599182,30,
5,15,1.27876879399222,2.16085691738882,0.604607979483679,-1.57049410863639,-0.00489993416144083,3.0799410547675,30,
5,16,1.24843393432363,2.16085173196002,0.60472228014267,-1.57062471140977,-0.00269986736101054,3.07811360186412,30,
5,17,1.21798694433047,2.16084323221781,0.60483978840108,-1.57062471140977,-0.00269986736101054,3.07811360186412,30,
5,18,1.21643237185509,2.19084082677895,0.603706832750137,-1.57152093104735,0.0124162715274894,3.08277760836634,30,
5,19,1.24671696526049,2.19084652890905,0.603588775855414,-1.57161055207503,0.016100595381332,3.09107843854415,30,
5,20,1.2771547981122,2.19085413860707,0.603471197472271,-1.57152281364685,0.015335707944136,3.09429682323148,30,
5,21,1.30766254754688,2.19086724969319,0.603231736605951,-1.57136340645911,0.0139152539065801,3.10087617637538,30,
5,22,1.33804804122619,2.19088306484544,0.602900697429672,-1.57129680910755,0.0132617030654277,3.10390006860919,30,
5,23,1.36865068024278,2.19091158154023,0.602489911857198,-1.5711926212402,0.0122508963558987,3.10926213845469,30,
5,24,1.39901487663608,2.19093766215128,0.601964759650547,-1.57114129696419,0.01170886975195,3.1121602641083,30,
5,25,1.42967249333034,2.1909802766607,0.601378322408847,-1.57107314630445,0.0110296024377444,3.11650414349231,30,
5,26,1.46012141587896,2.19102084050619,0.600641325372694,-1.57103133963005,0.0105867908636799,3.11941552171551,30,
5,27,1.49082043915081,2.19107663293565,0.599850929109024,-1.57098600904953,0.0101558624829981,3.12292854200198,30,
5,28,1.52140930922335,2.19113643887662,0.59887906121054,-1.57095009317311,0.00981371571596241,3.12594026084844,30,
5,29,1.55216901442347,2.19120708765401,0.597838138899272,-1.57091659202,0.00954277518918296,3.12899945836965,30,
5,30,1.58293358475301,2.19128706368969,0.596603302848159,-1.57088355970532,0.00932518934774759,3.13225017087605,30,
5,31,1.61386650019557,2.19138522265304,0.595234367408096,-1.57085518604912,0.00917960390221845,3.13518507070603,30,
5,32,1.64476780744652,2.19147367477888,0.593706800030002,-1.57083116009042,0.00910418466439035,3.13776811244332,30,
5,33,1.67592302212736,2.1916273504014,0.591912635578823,-1.57080546740016,0.00902278956938258,3.14058520040549,30,
5,34,1.70563160848979,2.19174403399846,0.590122952719437,-1.57077960940958,0.00904276970408821,-3.13975047535895,30,
5,35,1.70803159151116,2.19175346002168,0.589978355539096,-1.57075399311727,0.00912707635505325,-3.13695700262924,30,
5,36,1.70901956338275,2.22175346002168,0.588605786034968,-1.57073050702369,0.00919422975447988,-3.13443692206364,30,
5,37,1.67916118030553,2.22158342155815,0.590430232825722,-1.5706979791517,0.00939267311762801,-3.13113064968856,30,
5,38,1.64805738401726,2.22146346254448,0.592275982816929,-1.57066587573713,0.00960086343273409,-3.12801488259833,30,
5,39,1.61712778043656,2.22136704990899,0.593839816837369,-1.57062816187871,0.00994668683087181,-3.12470073027381,30,
5,40,1.58599681105469,2.22125754370576,0.595249646866686,-1.57058936814436,0.0102920285076228,-3.12150223273679,30,
5,41,1.55553803235098,2.22120159720429,0.596499781614977,-1.57053814373937,0.0108236736081267,-3.11776210184105,30,
5,42,1.52456331993292,2.22111300802468,0.597589158079287,-1.57048657834506,0.0113227900142585,-3.11426579663544,30,
5,43,1.49421825322686,2.22107446891223,0.598563444578533,-1.57040955552668,0.0121417931742342,-3.10976711371379,30,
5,44,1.46335279967584,2.22100509874109,0.599398373460793,-1.57034143977801,0.0127725693395594,-3.10602200697448,30,
5,45,1.4330746472749,2.22097871057709,0.600134019909785,-1.57021283328367,0.0140678566608862,-3.10014601504087,30,
5,46,1.40238740085425,2.22131898812736,0.600740487926892,-1.57012991869477,0.0147317589970759,-3.09641679173588,30,
5,47,1.3723638265662,2.22211962490672,0.601225446322068,-1.56992909733979,0.016501991216757,-3.08912561677241,30,
5,48,1.34167541692676,2.22396238333669,0.601551509309388,-1.56981623415478,0.0172938986590388,-3.08499429821665,30,
5,49,1.31144325876692,2.22396006863099,0.60185411671562,-1.57006539977191,0.0117873778055454,-3.07976423141747,30,
5,50,1.28073797498138,2.2239519871532,0.602099276445822,-1.57094905839064,-0.0025642671053986,-3.08210137123971,30,
5,51,1.2505432223838,2.22395133145157,0.602207722395249,-1.56957800951847,0.0207674343920061,-3.08299078806676,30,
5,52,1.22034846849417,2.22395067574977,0.602315930424022,-1.56961090405007,0.0190990327117417,-3.07958711490262,30,
5,53,1.21444967717854,2.25394680009044,0.600612989695459,-1.56985487109026,0.017025427639099,-3.08639517951354,30,
5,54,1.24478908177646,2.2539496356059,0.600503648240653,-1.5700224090868,0.0157131548549544,-3.0924212751415,30,
5,55,1.27518994439315,2.2539514727918,0.600394210706158,-1.57017114931814,0.0144041401015999,-3.09825729686513,30,
5,56,1.30562256553156,2.2539549934882,0.600186844637206,-1.57027893421401,0.0133816376155535,-3.10298077203551,30,
5,57,1.3360750433,2.25396034783697,0.599880069268538,-1.5703814263698,0.012424858673849,-3.10823019405143,30,
5,58,1.36654771054916,2.25396667289666,0.599511357793331,-1.57044440914962,0.0117428555792782,-3.11165548534131,30,
5,59,1.3970113861736,2.25397482967791,0.599024227291325,-1.5705226770217,0.0110000259072106,-3.11672071754105,30,
5,60,1.42751718323568,2.25398236703423,0.598491234554745,-1.57055874813467,0.0105853893329981,-3.11916904548748,30,
5,61,1.45807516822945,2.2539919389586,0.597805165001131,-1.57061795630538,0.0100528085438369,-3.12385352565543,30,
5,62,1.48863586044796,2.25399922048083,0.597079825324175,-1.57064280075923,0.00979278945666232,-3.12592921834106,30,
5,63,1.51930907279813,2.25400728050258,0.596168785101623,-1.57069027326084,0.00944520663160479,-3.13036607953546,30,
5,64,1.55010947017261,2.25401293276238,0.595201274522093,-1.570711926148,0.00929687193882701,-3.13252471347129,30,
5,65,1.58076832463975,2.25401395160992,0.594034559189149,-1.57074894408369,0.00914155889768149,-3.13641370096411,30,
5,66,1.61214124765344,2.25263892960237,0.592812911635679,-1.57077229547609,0.00906768664525339,-3.13894855737123,30,
5,67,1.64213870267704,2.25173640485456,0.591311650934857,-1.57078815491892,0.00901356295826782,-3.14069021459764,30,
5,68,1.67341444300221,2.25153955924279,0.589538432112557,-1.57083178566093,0.00910615657153042,3.13769983345447,30,
5,69,1.70383260784571,2.2516610118328,0.587608102328261,-1.57084737291032,0.00915515112074936,3.13602178155536,30,
5,70,1.71000753525434,2.25175346002168,0.587233216530841,-1.57086172800927,0.00920002417667335,3.13448616985891,30,
5,71,1.65787230753201,2.28403011708395,0.588807118370815,-1.57090781489366,0.0094816246892604,3.12983903756961,30,
5,72,1.62793198321896,2.28401020325192,0.590244012957256,-1.57092775151807,0.00962000192163299,3.12793901044776,30,
5,73,1.59697622268273,2.28401370347619,0.591676311078051,-1.5709770696669,0.0100745921751335,3.12365488385723,30,
5,74,1.56615235834624,2.28401284293373,0.592852799254879,-1.57100383820569,0.0103163560679864,3.12149397801617,30,
5,75,1.53538856051085,2.28400740843717,0.593953653659214,-1.57105735577723,0.0108650170424117,3.11758932273095,30,
5,76,1.50478850637346,2.28400067677027,0.594865891932676,-1.57110359300591,0.0113281312852959,3.11449570324965,30,
5,77,1.47395760478236,2.28398988639041,0.595715499711713,-1.57116800010038,0.0119929648690404,3.11064136002101,30,
5,78,1.44365224368799,2.28398381116302,0.596398767672398,-1.57124098052516,0.0127209956343749,3.10668069580284,30,
5,79,1.41290873424237,2.28409151193531,0.597034539474579,-1.57132832906541,0.0135734682842185,3.10245769765106,30,
5,80,1.38285163419085,2.28499696896601,0.597461328372307,-1.57143862181285,0.0145935475215801,3.09764388390288,30,
5,81,1.35226240006279,2.28645349280847,0.597801043912517,-1.57156489338089,0.0157052675585525,3.09274200430651,30,
5,82,1.32205227917765,2.28645831499982,0.598083084890823,-1.57173903642959,0.0171223035581681,3.08662329290672,30,
5,83,1.29148787100024,2.28646916002604,0.598367016654707,-1.5719165986712,0.0184782040474031,3.08108805141499,30,
5,84,1.26121114470834,2.28647280209718,0.598472857073223,-1.57213806463598,0.0205251330286911,3.07631043972154,30,
5,85,1.23103625460504,2.28647465502703,0.598573632549413,-1.57213806463598,0.0205251330286911,3.07631043972154,30,
5,86,1.22372743399701,2.31647692295205,0.596396771369409,-1.5719927891839,0.0190865773888956,3.07899594705333,30,
5,87,1.25408591765493,2.31647449044979,0.59629615362813,-1.57174296005998,0.0171527303054162,3.08649002620283,30,
5,88,1.28435795327766,2.31647160925646,0.596194890574706,-1.57163173307773,0.0162774240476533,3.09032281742956,30,
5,89,1.3148762871422,2.3164630220186,0.595952200112823,-1.57144808420855,0.0146767349914299,3.09724540463172,30,
5,90,1.3452047524221,2.31645559612006,0.595669425836568,-1.57138224528315,0.0140916564610879,3.10004760333813,30,
5,91,1.37570964097995,2.31643957925445,0.595283704344177,-1.57124813345502,0.012789140038063,3.10630535937032,30,
5,92,1.40606649339099,2.3164264365257,0.594834160626702,-1.57120722889149,0.0123960628733827,3.10847019828326,30,
5,93,1.43665821766843,2.31639764450841,0.594291890436467,-1.57127514591399,0.0183001525403304,3.11505437570278,30,
5,94,1.46704017093248,2.31637691589124,0.593657724356834,-1.57149795873515,0.0314967361799206,3.11908721834155,30,
5,95,1.4977965158368,2.31632460403999,0.592928327926696,-1.57141269052318,0.0384842408181628,3.12557588144617,30,
5,96,1.52817259668034,2.31629661931245,0.592083560845312,-1.5713512457742,0.0383795865579966,3.12713298207287,30,
5,97,1.55911263537061,2.31621049088316,0.591118023117184,-1.57117822832408,0.0381796877452866,3.13158879271095,30,
5,98,1.58952270306965,2.31617107085351,0.590026721916648,-1.57111030985665,0.0381117956982171,3.13335368416674,30,
5,99,1.62083764225439,2.31479405486222,0.588805128154179,-1.57093512610014,0.0380129426240079,3.13794058614108,30,
5,100,1.65095042580545,2.31402368951263,0.587398196081192,-1.57087771950715,0.0379843885517023,3.13945028740522,30,
5,101,1.65875160031402,2.31403011708395,0.587023563961608,-1.57082035616947,0.0379557479019925,3.1409599856931,30,
5,102,1.65925390839848,2.34599094217681,0.584881545089099,-1.57063993176449,0.0380211585668455,-3.13747850382794,30,
5,103,1.62918224090259,2.34604864631968,0.586249482910504,-1.57058768324467,0.0380421101114257,-3.13610746651077,30,
5,104,1.59829553644986,2.34616437040769,0.587566663411182,-1.57053540598268,0.0380629900548096,-3.13473642691615,30,
5,105,1.56765327435377,2.34622533213124,0.588662725873352,-1.57035944911145,0.0382353616331413,-3.13016527604053,30,
5,106,1.53691172566843,2.34629388880633,0.589672524751326,-1.57029532287396,0.0382987531429586,-3.12850970272903,30,
5,107,1.50631986857133,2.34633766501475,0.5905166349243,-1.57011717817562,0.0385847543181227,-3.1239900281562,30,
5,108,1.4757639815847,2.34637576932791,0.591292510256194,-1.57004652179766,0.0386845268536483,-3.12220953842254,30,
5,109,1.44524132963295,2.3464039132459,0.591925099646946,-1.57005302878347,0.0307983816596043,-3.11741333237303,30,
5,110,1.41479640590367,2.34642544910365,0.592512546662785,-1.57037875644558,0.0169053766791031,-3.11685745467351,30,
5,111,1.38431215184199,2.34644302594193,0.592961342259021,-1.57044757205875,0.0117062169380694,-3.11182889770439,30,
5,112,1.35396652699057,2.3464542700248,0.593390061828931,-1.5704094941865,0.0121424876999774,-3.10976382588257,30,
5,113,1.32345542191161,2.34646517351014,0.593673140034225,-1.5702865768285,0.0132994550410882,-3.10331166268402,30,
5,114,1.2931422574736,2.34647060798441,0.593952259523192,-1.57022514858951,0.0139518766758471,-3.10068451524928,30,
5,115,1.26260833467612,2.346476168125,0.594066946107127,-1.57004663240987,0.0154825409441278,-3.09325136982564,30,
5,116,1.23235999936987,2.34647722709531,0.594166675799365,-1.56988808701402,0.0167924625381195,-3.08761054967189,30,
5,117,1.23258938420857,2.37905495262574,0.591641010002047,-1.56967003075699,0.0184875821525363,-3.08078773784724,30,
5,118,1.26274151364744,2.37905001771594,0.591550518530346,-1.56957800951847,0.0207674343920061,-3.08299078806676,30,
5,119,1.29308000991198,2.37903346445716,0.591450532470343,-1.56957800951847,0.0207674343920061,-3.08299078806676,30,
5,120,1.32348412529216,2.37900660855982,0.591197856784857,-1.56971623352382,0.0181076028997251,-3.08206659441205,30,
5,121,1.3536660741894,2.37899310314292,0.590944457557092,-1.56925187601987,0.0302713567624775,-3.09057909591058,30,
5,122,1.3842100606892,2.37792183221285,0.590644370288957,-1.5688498795311,0.0387346695065622,-3.0913379107674,30,
5,123,1.41433272524717,2.37665988697116,0.590309428045992,-1.56902248493204,0.0408156993173624,-3.0981542067849,30,
5,124,1.44502049032097,2.3764098539661,0.589739471415377,-1.56917038096045,0.0405416532526211,-3.10149840285353,30,
5,125,1.47527393320674,2.37639618862897,0.589117948531262,-1.56944433188538,0.0399035094742788,-3.10771983805193,30,
5,126,1.50605852160242,2.37634897449912,0.588343581527153,-1.56959978896241,0.0395887063068536,-3.11137346497888,30,
5,127,1.53647481520807,2.37631767723564,0.587515812386262,-1.56978512235357,0.039187633398013,-3.11579100003183,30,
5,128,1.56728901852552,2.37624996009608,0.586510584091757,-1.56992318060736,0.0389258233170032,-3.11916276286738,30,
5,129,1.5980234280922,2.37617957125024,0.585430958608579,-1.57006884920122,0.0386530394873839,-3.1227716897574,30,
5,130,1.62883019390035,2.37608891088536,0.584135538447891,-1.57018723961449,0.0384688273980794,-3.12575879192568,30,
5,131,1.65914301317194,2.37599424175038,0.582774854459503,-1.5703136307988,0.0382806763994538,-3.12898208990206,30,
5,132,1.66013222311313,2.37599094217681,0.582729953377302,-1.57042245369832,0.0381706515046825,-3.13179698863031,30,
5,133,1.66101053782778,2.40599094217681,0.580578361665504,-1.57054704254949,0.0380583495072024,-3.13504154622369,30,
5,134,1.63071726546148,2.40663982389558,0.581873825682895,-1.5706269891848,0.03802635626003,-3.13713881136844,30,
5,135,1.59932461953671,2.40831910751171,0.583032372514213,-1.57073347322725,0.0379735193608324,-3.13993796222778,30,
5,136,1.56897974068057,2.40839894961978,0.584016043009677,-1.5708367740865,0.0379639561718679,3.14052777990118,30,
5,137,1.53813345385726,2.40858915742158,0.584928334270771,-1.570925379804,0.0380081024267911,3.13819681829516,30,
5,138,1.50781609734354,2.40865061983746,0.585688374328892,-1.5710283484342,0.0380534467716085,3.13549453660408,30,
5,139,1.47713541604084,2.40877862935507,0.586378968270589,-1.57113311398553,0.0381346177068814,3.13276076169844,30,
5,140,1.44683766351112,2.40882447264817,0.586948864095628,-1.57124855932251,0.0382525590864567,3.12976921649649,30,
5,141,1.41627766403112,2.40890800928973,0.58746791232987,-1.57136636885028,0.0384053792667481,3.12674935791464,30,
5,142,1.38599345574124,2.40894035062775,0.587871550747943,-1.5714684515841,0.0385753618606,3.12416752999802,30,
5,143,1.35551864776241,2.40899276827369,0.5882507167665,-1.5716169261724,0.0388213343707349,3.12045520151608,30,
5,144,1.32524369719524,2.40901313664411,0.588504345883467,-1.57171453041002,0.0390248355229016,3.11806295628081,30,
5,145,1.29479377823989,2.40904163536218,0.588748702737287,-1.57190900998189,0.0393994024896555,3.11335492483429,30,
5,146,1.26452554601217,2.4090520913658,0.588857027970671,-1.57201457188131,0.0396436941998901,3.11086670719281,30,
5,147,1.23426752112894,2.40905991397039,0.588946902387443,-1.57226091471937,0.0401580059325097,3.10513281215241,30,
5,148,1.23046890946547,2.43906480150709,0.586265001318609,-1.57237787249047,0.0404370421400927,3.10249455078689,30,
5,149,1.26069382658894,2.43905968125048,0.58617906921573,-1.57254386823466,0.0376589466584097,3.09501412067665,30,
5,150,1.29114468325345,2.43904551021127,0.586089093595318,-1.57233641357471,0.0307199193656987,3.09135806757872,30,
5,151,1.32143069548105,2.43902814549323,0.585850123799837,-1.57204041535441,0.0195624668557681,3.07810766474907,30,
5,152,1.3518473558821,2.43899923974011,0.585603080728164,-1.57213662409913,0.0205110559535005,3.07633672385584,30,
5,153,1.38218268486958,2.43896565631075,0.585245831153376,-1.57213806463598,0.0205251330286911,3.07631043972154,30,
5,154,1.41257676934427,2.43892127768325,0.584854937741933,-1.57355285827656,0.0434627157227819,3.07823453539181,30,
5,155,1.44299126991032,2.43886442392311,0.584362407116133,-1.57329668151311,0.0423633877864768,3.08263340222436,30,
5,156,1.47342480020697,2.43879801789974,0.583811146808847,-1.57300897899082,0.0417787984407908,3.08867468470957,30,
5,157,1.50392538324848,2.43870930039299,0.583158611868426,-1.57273340135429,0.0411957962591558,3.09460136198144,30,
5,158,1.53442821752077,2.43861250653288,0.582419414495161,-1.57250461604636,0.0407055112916208,3.09964515905181,30,
5,159,1.56507516125325,2.43847158797413,0.581571326355467,-1.57229193593448,0.0402322178404583,3.10443143588692,30,
5,160,1.59563644289798,2.43834332399111,0.580600158432652,-1.57211621222738,0.0398535558078566,3.10848231760785,30,
5,161,1.6265268362716,2.43810812039188,0.579491736301812,-1.57194043952656,0.0394723119153535,3.11261259543085,30,
5,162,1.65674250204618,2.43797619255599,0.578248987320791,-1.57179764621025,0.0391787433973495,3.11603726691607,30,
5,163,1.66123057646631,2.43795659593062,0.578064355518384,-1.57165507195972,0.0389010158631497,3.11951884188838,30,
5,164,1.66211568586109,2.46795659593062,0.575544355665157,-1.57152561587671,0.0386620107048513,3.12272909305849,30,
5,165,1.63167296502948,2.46816557268731,0.576761657846321,-1.57141758048232,0.0384925534885547,3.12545213961487,30,
5,166,1.6009665903592,2.46834471283044,0.577875442430393,-1.57128496447488,0.038291045399303,3.12883017257904,30,
5,167,1.57029114869084,2.46849856616694,0.578815374180977,-1.57120778630257,0.0382093690582685,3.13082203447397,30,
5,168,1.53965836888002,2.4686324104465,0.579685185505623,-1.5710488219087,0.0380622096041543,3.13495773587247,30,
5,169,1.50919846669944,2.46872119792448,0.580399960002951,-1.57098854793848,0.0380363745777352,3.13653843206074,30,
5,170,1.478524330867,2.46883376320487,0.581074935699047,-1.57089811950707,0.0379945479056208,3.1389136703575,30,
5,171,1.44828081000368,2.46887140676291,0.581608173175197,-1.57076204768468,0.0379585110479167,-3.14069000069725,30,
5,172,1.41767426677963,2.46897094737621,0.582119295483212,-1.57069429311341,0.0379940536057317,-3.13890727995045,30,
5,173,1.38760817485943,2.46937374229587,0.582463427637363,-1.57058989294366,0.0380412257099002,-3.136165435299,30,
5,174,1.35712617881386,2.47036308699909,0.582744106748367,-1.57046802062094,0.0381223763375692,-3.13298030447385,30,
5,175,1.3269480874299,2.4703840283019,0.582970222753983,-1.57037457309374,0.0382203802833645,-3.13055613328744,30,
5,176,1.2966311422688,2.470418484179,0.583194925756779,-1.57022704446887,0.0383968484225521,-3.1267656725655,30,
5,177,1.26627400742347,2.4704478377806,0.583297732692348,-1.57013570187322,0.0385585348396324,-3.12445755364373,30,
5,178,1.23611769539566,2.47045586736133,0.583378523511582,-1.5699698735981,0.0388219396299385,-3.12030472833177,30,
5,179,1.228824776149,2.50031019175768,0.579795322677518,-1.56985255881567,0.0390730572573361,-3.11743865668072,30,
5,180,1.25918193557686,2.500321574616,0.579793127891056,-1.56966902359489,0.0394173108915246,-3.1129974263545,30,
5,181,1.28953908750226,2.50033295723442,0.579790131250818,-1.56950783628585,0.0397866525307202,-3.10921410664815,30,
5,182,1.31989622922768,2.50034433952696,0.579786332793781,-1.56929765799895,0.040221513031439,-3.10434523744803,30,
5,183,1.35025335805582,2.50035572140766,0.579781732569034,-1.5690778125836,0.0407134361432285,-3.09940284352039,30,
5,184,1.38037534021705,2.50033624327795,0.579542231849913,-1.56880259002787,0.0413156303849997,-3.09336795347871,30,
5,185,1.41039217051686,2.5003029642625,0.579197911636014,-1.56852981478731,0.0418556997970054,-3.08748740496974,30,
5,186,1.44092676052623,2.50019608869766,0.578766585009148,-1.56815466565518,0.0427969204539438,-3.07992417370334,30,
5,187,1.47126443020303,2.50011649494068,0.578278015244942,-1.56817431616835,0.043529429496409,-3.08140972325714,30,
5,188,1.50179922115212,2.49997909962688,0.577704518171637,-1.56817595119539,0.0435886033430316,-3.08152973483592,30,
5,189,1.53224705633226,2.49985222895765,0.577045910098088,-1.56817595119539,0.0435886033430316,-3.08152973483592,30,
5,190,1.56298346624707,2.49959217637362,0.576300816797631,-1.56821665642545,0.0425253910425673,-3.08099461500697,30,
5,191,1.59313122535131,2.49910622777904,0.575474149500896,-1.56856527565344,0.0417936304851604,-3.08825449921935,30,
5,192,1.62430568000117,2.49824086457882,0.574485811365417,-1.56884739924515,0.0412039637111693,-3.09432334140299,30,
5,193,1.6547282926417,2.49812777396576,0.573350264319943,-1.56917523062438,0.0405326296759907,-3.10160841428836,30,
5,194,1.66300079525586,2.49795659593062,0.57302435581193,-1.56931086438531,0.0401876361242077,-3.10464150704426,30,
5,195,1.66310648550326,2.52901943212727,0.57033803613881,-1.56957809879338,0.0396422372407777,-3.11086603936154,30,
5,196,1.632777589657,2.52929395408303,0.57140035546081,-1.56967441771182,0.0394039235582518,-3.11312422481222,30,
5,197,1.60178821603451,2.52964213824556,0.572405110744028,-1.5699007101804,0.0389757030632097,-3.11861423644026,30,
5,198,1.57145171998116,2.52977336450398,0.572650109537506,-1.56997422852924,0.038812234445891,-3.12041138443818,30,
5,199,1.54110955571448,2.52976112333997,0.572659773668789,-1.57010717306101,0.0409435673525711,-3.12475068281238,30,
5,200,1.51076736264567,2.52974888114059,0.572668701867528,-1.57003060692484,0.045951701812294,-3.12491917417426,30,
5,201,1.48042514314583,2.52973663799067,0.572676894017391,-1.57008629746693,0.0574864248255778,-3.12923535709215,30,
5,202,1.45008289958668,2.52972439397506,0.572684350012245,-1.57017064334869,0.0574729119325636,-3.13070065962788,30,
5,203,1.41974063434046,2.52971214917861,0.572691069756161,-1.57042542501881,0.05742452466323,-3.13513028097833,30,
5,204,1.38939834977988,2.52969990368623,0.572697053163413,-1.57049560436381,0.0574208296537953,-3.13635273324785,30,
5,205,1.3590560482781,2.52968765758281,0.572702300158486,-1.57056577911738,0.0574170489976371,-3.13757518500082,30,
5,206,1.32871373220864,2.52967541095327,0.572706810676075,-1.57082770515563,0.0573909085853948,3.14104572932684,30,
5,207,1.29837140394532,2.52966316388252,0.57271058466109,-1.57090405856361,0.0574017408956626,3.13971505544129,30,
5,208,1.26802906586224,2.52965091645552,0.572713622068653,-1.57098042638497,0.0574124717615165,3.13838437998308,30,
5,209,1.2376867203337,2.52963866875719,0.572715922864105,-1.57123432126806,0.0574357356813555,3.13396300400105,30,
